Workbook

Sheet Dati generali
A1: Tipologia prospetto ripartizione spese | I1: C
A2: Vettori energetici:
A3: Vettore 1 | I3: gas naturale
A4: Vettore 2 | I4: energia elettrica
A5: Generatori | I5: generatore a combustione per climatizzazione invernale e ACS
A6: Tipologia di contabilizzazione dell'energia termica utile prodotta dal generatore | I6: contatore di calore
A7: Numero di unità immobiliare | I7: 10
A8: Numero di locali ad uso collettivo | I8: 0
A9: Tipologia di contabilizzazione dei consumi di energia termica utile delle unità immobiliari per climatizzazione invernale | I9: ripartitori
A10: Tipologia di contabilizzazione dei consumi di energia termica utile delle unità immobiliari per ACS | I10: contatori volumetrici
A11: Periodo considerato | I11: stagione annuale
A12: Criterio di ripartizione della spesa totale per potenza termica installata per climatizzazione invernale | H12: Sp,cli | I12: millesimi di fabbisogno di energia termica utile
A13: Spesa totale per conduzione e manutenzione ordinaria dell'impianto centralizzato | H13: Scm | I13: 1892 | J13: €
A14: Spesa totale per la gestione del servizio di contabilizzazione dell'energia termica utile | H14: Scr | I14: 1376.16 | J14: €
A15: Perdite dell'impianto di climatizzazione invernale nel periodo considerato | H15: Pcli | I15: 126203.13 | J15: kWh
A16: Fabbisogno annuo di energia termica dell'edificio utile per climatizzazione invernale | H16: Qh,cli | I16: 470907.21 | J16: kWh
A17: Fabbisogno annuo di enrgia termica utile dell'edificio per ACS | H17: Qh,acs | I17: 55741.77 | J17: kWh
A18: Fabbisogno ideale di energia termica utile dell'edificio per climatizzazione invernale nel periodo considerato | H18: Qh,id,cli | I18: 282661.63 | J18: kWh
A19: Frazione del fabbisogno ideale di energia termica utile dell'edificio per climatizzazione invernale da attribuire al consumo involontario (coefficiente ricavato dal prospetto 10 della UNI 10200) | H19: kinv
B22: Valori da inserire
B23: Valori da calcolo UNI

Sheet Vettori energetici
A1: Vettore 1 (combustibile)
A2: Lettura iniziale del contatore di combustibile | E2: L1,ct,1 | F2: 0 | G2: mc
A3: Lettura finale del contatore di combustibile | E3: L2,ct,1 | F3: 36124 | G3: mc
A4: Fabbisogno per climatizzazione invernale nel periodo considerato | E4: Q've,cli,1 | F4: 51094.779 | G4: kWh o mc | I4: Kcli = | J4: =F4/(F4+F5) -> 0.86493857
A5: Fabbisogno per ACS nel periodo considerato | E5: Q've,acs,1 | F5: 7978.525 | G5: kWh o mc | I5: kacs = | J5: =F5/(F4+F5) -> 0.13506143
A6: Costo unitario | E6: Cve,1 | F6: 0.9251 | G6: €/mc
A8: Vettore 2 (energia elettrica)
A9: Lettura iniziale del contatore di energia elettrica | E9: L1,ct,2 | F9: 0 | G9: kWh
A10: Lettura finale del contatore di energia elettrica | E10: L2,ct,2 | F10: 4750.76 | G10: kWh
A11: Fabbisogno per climatizzazione invernale nel periodo considerato | E11: Q've,cli,2 | F11: 4271.2 | G11: kWh | I11: Kcli = | J11: =F11/(F11+F12) -> 0.57709171
A12: Fabbisogno per ACS nel periodo considerato | E12: Q've,acs,2 | F12: 3130.05 | G12: kWh | I12: kacs = | J12: =F12/(F11+F12) -> 0.42290829
A13: Costo unitario | E13: Cve,2 | F13: 0.3046 | G13: €/kWh
B17: Valori da inserire
B18: Valori da calcolo UNI

Sheet Generatore
A2: Generatore riscaldamento
A3: Lettura iniziale del contatore di calore | E3: L1,cc | F3: 0 | G3: kWh
A4: Lettura finale del contatore di calore | E4: L2,cc | F4: ='Vettori energetici'!F3*9.45*0.987*N5 -> 247646.47 | G4: kWh
A5: Fabbisogno di energia termica utile applicato al generatore per climatizzazione invernale nel periodo considerato | E5: Q'gn,cli | F5: 470907.21 | G5: kWh | N5: 0.735
I7: totale fabbisogno Risc+Acs | M7: =F5+F11 -> 526648.98 | P7: =F4+F10 -> 336933.97
A8: Generatore ACS
A9: Lettura iniziale del contatore di calore | E9: L1,cc | F9: 0 | G9: kWh
A10: Lettura finale del contatore di calore | E10: L2,cc | F10: ='Vettori energetici'!F3*9.45*0.987*N11 -> 89287.501 | G10: kWh
A11: Fabbisogno di energia termica utile applicato al generatore per ACS nel periodo considerato | E11: Q'gn,acs | F11: 55741.77 | G11: kWh | N11: =1-N5 -> 0.265
B13: Valori da inserire
B14: Valori da calcolo UNI

Sheet Letture-mill. u.i.
A1: Unità immobiliare
A2: Unità immobiliare 1 - ALBERIZZI
A3: Lettura iniziale ripartitore - corpo scaldante 1 | E3: L1,r,1,1 | F3: 0 | G3: ur
A4: Lettura finale ripartitore - corpo scaldante 1 | E4: L2,r,1,1 | F4: 608 | G4: ur
A5: Lettura iniziale ripartitore - corpo scaldante 2 | E5: L1,r,2,1 | F5: 0 | G5: ur
A6: Lettura finale ripartitore - corpo scaldante 2 | E6: L2,r,2,1 | F6: 2016 | G6: ur
A7: Lettura iniziale ripartitore - corpo scaldante 3 | E7: L1,r,3,1 | F7: 0 | G7: ur
A8: Lettura finale ripartitore - corpo scaldante 3 | E8: L2,r,3,1 | F8: 1260 | G8: ur
A9: Lettura iniziale ripartitore - corpo scaldante 4 | E9: L1,r,4,1 | F9: 0 | G9: ur
A10: Lettura finale ripartitore - corpo scaldante 4 | E10: L2,r,4,1 | F10: 1512 | G10: ur
A11: Lettura iniziale ripartitore - corpo scaldante 5 | E11: L1,r,5,1 | F11: 0 | G11: ur
A12: Lettura finale ripartitore - corpo scaldante 5 | E12: L2,r,5,1 | F12: 1412 | G12: ur
A13: Lettura iniziale ripartitore - corpo scaldante 6 | E13: L1,r,6,1 | F13: 0 | G13: ur
A14: Lettura finale ripartitore - corpo scaldante 6 | E14: L2,r,6,1 | F14: 1412 | G14: ur
... A26: Lettura finale del contatore volumetrico | E26: L2,cv,1 | F26: 36 | G26: mc
A27: Millesimi di fabbisogno di energiatermica utile per climatizzazione invernale | E27: mQh,cli,1 | F27: 24.02
A28: Millesimi di fabbisogno di energiatermica utile per ACS | E28: mQh,acs,1 | F28: 25.78
A30: Unità immobiliare 2 - PISANI
A31: Lettura iniziale ripartitore - corpo scaldante 1 | E31: L1,r,1,2 | F31: 0 | G31: ur
A32: Lettura finale ripartitore - corpo scaldante 1 | E32: L2,r,1,2 | F32: 362 | G32: ur
A33: Lettura iniziale ripartitore - corpo scaldante 2 | E33: L1,r,2,2 | F33: 0 | G33: ur
A34: Lettura finale ripartitore - corpo scaldante 2 | E34: L2,r,2,2 | F34: 486 | G34: ur
A35: Lettura iniziale ripartitore - corpo scaldante 3 | E35: L1,r,3,2 | F35: 0 | G35: ur
A36: Lettura finale ripartitore - corpo scaldante 3 | E36: L2,r,3,2 | F36: 313 | G36: ur
A37: Lettura iniziale ripartitore - corpo scaldante 4 | E37: L1,r,4,2 | F37: 0 | G37: ur
A38: Lettura finale ripartitore - corpo scaldante 4 | E38: L2,r,4,2 | F38: 233 | G38: ur
A39: Lettura iniziale ripartitore - corpo scaldante 5 | E39: L1,r,5,2 | F39: 0 | G39: ur
A40: Lettura finale ripartitore - corpo scaldante 5 | E40: L2,r,5,2 | F40: 363 | G40: ur
A41: Lettura iniziale ripartitore - corpo scaldante 6 | E41: L1,r,6,2 | F41: 0 | G41: ur
A42: Lettura finale ripartitore - corpo scaldante 6 | E42: L2,r,6,2 | F42: 147 | G42: ur
... A46: Lettura finale del contatore volumetrico | E46: L2,cv,2 | F46: 23 | G46: mc
A47: Millesimi di fabbisogno di energiatermica utile per climatizzazione invernale | E47: mQh,cli,2 | F47: 16.67
A48: Millesimi di fabbisogno di energiatermica utile per ACS | E48: mQh,acs,2 | F48: 21.4
A50: Unità immobiliare 3 - APONE
A51: Lettura iniziale ripartitore - corpo scaldante 1 | E51: L1,r,1,3 | F51: 0 | G51: ur
A52: Lettura finale ripartitore - corpo scaldante 1 | E52: L2,r,1,3 | F52: 837 | G52: ur
A53: Lettura iniziale ripartitore - corpo scaldante 2 | E53: L1,r,2,3 | F53: 0 | G53: ur
A54: Lettura finale ripartitore - corpo scaldante 2 | E54: L2,r,2,3 | F54: 937 | G54: ur
A55: Lettura iniziale ripartitore - corpo scaldante 3 | E55: L1,r,3,3 | F55: 0 | G55: ur
A56: Lettura finale ripartitore - corpo scaldante 3 | E56: L2,r,3,3 | F56: 357 | G56: ur
A57: Lettura iniziale ripartitore - corpo scaldante 4 | E57: L1,r,4,3 | F57: 0 | G57: ur
A58: Lettura finale ripartitore - corpo scaldante 4 | E58: L2,r,4,3 | F58: 332 | G58: ur
A59: Lettura iniziale ripartitore - corpo scaldante 5 | E59: L1,r,5,3 | F59: 0 | G59: ur
A60: Lettura finale ripartitore - corpo scaldante 5 | E60: L2,r,5,3 | F60: 301 | G60: ur
A61: Lettura iniziale ripartitore - corpo scaldante 6 | E61: L1,r,6,3 | F61: 0 | G61: ur
A62: Lettura finale ripartitore - corpo scaldante 6 | E62: L2,r,6,3 | F62: 58 | G62: ur
... A68: Lettura finale del contatore volumetrico | E68: L2,cv,3 | F68: 30 | G68: mc
A69: Millesimi di fabbisogno di energiatermica utile per climatizzazione invernale | E69: mQh,cli,3 | F69: 19.59
A70: Millesimi di fabbisogno di energiatermica utile per ACS | E70: mQh,acs,3 | F70: 21.32
A72: Unità immobiliare 4 - BADINI
A73: Lettura iniziale ripartitore - corpo scaldante 1 | E73: L1,r,1,4 | F73: 0 | G73: ur
A74: Lettura finale ripartitore - corpo scaldante 1 | E74: L2,r,1,4 | F74: 881 | G74: ur
A75: Lettura iniziale ripartitore - corpo scaldante 2 | E75: L1,r,2,4 | F75: 0 | G75: ur
A76: Lettura finale ripartitore - corpo scaldante 2 | E76: L2,r,2,4 | F76: 986 | G76: ur
A77: Lettura iniziale ripartitore - corpo scaldante 3 | E77: L1,r,3,4 | F77: 0 | G77: ur
A78: Lettura finale ripartitore - corpo scaldante 3 | E78: L2,r,3,4 | F78: 871 | G78: ur
A79: Lettura iniziale ripartitore - corpo scaldante 4 | E79: L1,r,4,4 | F79: 0 | G79: ur
A80: Lettura finale ripartitore - corpo scaldante 4 | E80: L2,r,4,4 | F80: 820 | G80: ur
A81: Lettura iniziale ripartitore - corpo scaldante 5 | E81: L1,r,5,4 | F81: 0 | G81: ur
A82: Lettura finale ripartitore - corpo scaldante 5 | E82: L2,r,5,4 | F82: 297 | G82: ur
A83: Lettura iniziale ripartitore - corpo scaldante 6 | E83: L1,r,6,4 | F83: 0 | G83: ur
A84: Lettura finale ripartitore - corpo scaldante 6 | E84: L2,r,6,4 | F84: 360 | G84: ur
... A94: Lettura finale del contatore volumetrico | E94: L2,cv,4 | F94: 57 | G94: mc
A95: Millesimi di fabbisogno di energiatermica utile per climatizzazione invernale | E95: mQh,cli,4 | F95: 18.5
A96: Millesimi di fabbisogno di energiatermica utile per ACS | E96: mQh,acs,4 | F96: 21.37
A98: Unità immobiliare 5 - BARBIERI
A99: Lettura iniziale ripartitore - corpo scaldante 1 | E99: L1,r,1,5 | F99: 0 | G99: ur
A100: Lettura finale ripartitore - corpo scaldante 1 | E100: L2,r,1,5 | F100: 425 | G100: ur
A101: Lettura iniziale ripartitore - corpo scaldante 2 | E101: L1,r,2,5 | F101: 0 | G101: ur
A102: Lettura finale ripartitore - corpo scaldante 2 | E102: L2,r,2,5 | F102: 780 | G102: ur
A103: Lettura iniziale ripartitore - corpo scaldante 3 | E103: L1,r,3,5 | F103: 0 | G103: ur
A104: Lettura finale ripartitore - corpo scaldante 3 | E104: L2,r,3,5 | F104: 845 | G104: ur
A105: Lettura iniziale ripartitore - corpo scaldante 4 | E105: L1,r,4,5 | F105: 0 | G105: ur
A106: Lettura finale ripartitore - corpo scaldante 4 | E106: L2,r,4,5 | F106: 57 | G106: ur
A107: Lettura iniziale ripartitore - corpo scaldante 5 | E107: L1,r,5,5 | F107: 0 | G107: ur
A108: Lettura finale ripartitore - corpo scaldante 5 | E108: L2,r,5,5 | F108: 33 | G108: ur
A109: Lettura iniziale ripartitore - corpo scaldante 6 | E109: L1,r,6,5 | F109: 0 | G109: ur
A110: Lettura finale ripartitore - corpo scaldante 6 | E110: L2,r,6,5 | F110: 187 | G110: ur
... A118: Lettura finale del contatore volumetrico | E118: L2,cv,5 | F118: 49 | G118: mc
A119: Millesimi di fabbisogno di energiatermica utile per climatizzazione invernale | E119: mQh,cli,5 | F119: 17.07
A120: Millesimi di fabbisogno di energiatermica utile per ACS | E120: mQh,acs,5 | F120: 21.4
A122: Unità immobiliare 6 - LANDI
A123: Lettura iniziale ripartitore - corpo scaldante 1 | E123: L1,r,1,6 | F123: 0 | G123: ur
A124: Lettura finale ripartitore - corpo scaldante 1 | E124: L2,r,1,6 | F124: 496 | G124: ur
A125: Lettura iniziale ripartitore - corpo scaldante 2 | E125: L1,r,2,6 | F125: 0 | G125: ur
A126: Lettura finale ripartitore - corpo scaldante 2 | E126: L2,r,2,6 | F126: 1736 | G126: ur
A127: Lettura iniziale ripartitore - corpo scaldante 3 | E127: L1,r,3,6 | F127: 0 | G127: ur
A128: Lettura finale ripartitore - corpo scaldante 3 | E128: L2,r,3,6 | F128: 1016 | G128: ur
A129: Lettura iniziale ripartitore - corpo scaldante 4 | E129: L1,r,4,6 | F129: 0 | G129: ur
A130: Lettura finale ripartitore - corpo scaldante 4 | E130: L2,r,4,6 | F130: 1539 | G130: ur
A131: Lettura iniziale ripartitore - corpo scaldante 5 | E131: L1,r,5,6 | F131: 0 | G131: ur
A132: Lettura finale ripartitore - corpo scaldante 5 | E132: L2,r,5,6 | F132: 1239 | G132: ur
A133: Lettura iniziale ripartitore - corpo scaldante 6 | E133: L1,r,6,6 | F133: 0 | G133: ur
A134: Lettura finale ripartitore - corpo scaldante 6 | E134: L2,r,6,6 | F134: 1412 | G134: ur
... A140: Lettura finale del contatore volumetrico | E140: L2,cv,6 | F140: 49 | G140: mc
A141: Millesimi di fabbisogno di energiatermica utile per climatizzazione invernale | E141: mQh,cli,6 | F141: 23.17
A142: Millesimi di fabbisogno di energiatermica utile per ACS | E142: mQh,acs,6 | F142: 25.87
A144: Unità immobiliare 7 - BELLOMI
A145: Lettura iniziale ripartitore - corpo scaldante 1 | E145: L1,r,1,7 | F145: 0 | G145: ur
A146: Lettura finale ripartitore - corpo scaldante 1 | E146: L2,r,1,7 | F146: 496 | G146: ur
...

Sheet Consumi vet energ.
A2: Vettore 1 (combustibile)
A3: Calcolo del coefficiente di ripartizione per Riscaldamento | E3: kcli,1 | F3: ='Vettori energetici'!J4 -> 0.86493857
A4: Calcolo del coefficiente di ripartizione per ACS | E4: kacs,1 | F4: ='Vettori energetici'!J5 -> 0.13506143
A5: Calcolo del consumo per Riscaldamento | E5: Qve,cli,1 | F5: =('Vettori energetici'!F3-'Vettori energetici'!F2)*F3 -> 31245.041 | G5: mc
A6: Calcolo del consumo per ACS | E6: Qve,acs,1 | F6: =('Vettori energetici'!F3-'Vettori energetici'!F2)*F4 -> 4878.9592 | G6: mc
F7: =SUM(F5:F6) -> 36124
A8: Vettore 2 (energia elettrica)
A9: Calcolo del coefficiente di ripartizione per Riscaldamento | E9: kcli,2 | F9: ='Vettori energetici'!J11 -> 0.57709171
A10: Calcolo del coefficiente di ripartizione per ACS | E10: kacs,2 | F10: ='Vettori energetici'!J12 -> 0.42290829
A11: Calcolo del consumo per Riscaldamento | E11: Qve,cli,2 | F11: =('Vettori energetici'!F10-'Vettori energetici'!F9)*F9 -> 2741.6242 | G11: kWh
A12: Calcolo del consumo per ACS | E12: Qve,acs,2 | F12: =('Vettori energetici'!F10-'Vettori energetici'!F9)*F10 -> 2009.1358 | G12: kWh
F13: =F11+F12 -> 4750.76
A14: Calcolo dei contributi di energia termica utile del generatore
A15: Calcolo del contributo di energia termica utile per Riscaldamento | E15: Qgn,cli | F15: =IF('Dati generali'!I1="C",(Generatore!F4-Generatore!F3),IF('Dati generali'!I1="P",Generatore!F5,"ERRORE")) -> 247646.47 | G15: kWh
A16: Calcolo del contributo di energia termica utile per ACS | E16: Qgn,acs | F16: =IF('Dati generali'!I1="C", (Generatore!F10-Generatore!F9),IF('Dati generali'!I1="P",Generatore!F11,"ERRORE")) -> 89287.501 | G16: kWh
A18: Calcolo del consumo totale di energia termica utile dell'edificio per Riscaldamento e ACS
A19: Calcolo del consumo totale di energia termica utile dell'edificio per Riscaldamento | E19: Qcli | F19: =F15 -> 247646.47 | G19: kWh
A20: Calcolo del consumo totale di energia termica utile dell'edificio per ACS | E20: Qacs | F20: =F16 -> 89287.501 | G20: kWh
A21: Calcolo del consumo totale di energia termica utile dell'edificio per Riscaldamento e ACS | E21: Qt | F21: =F19+F20 -> 336933.97 | G21: kWh
B25: Valori da inserire
B26: Valori da calcolo UNI

Sheet Spese e costi unitari
A2: Calcolo della spesa totale per Riscaldamento e ACS
A3: Calcolo della spesa energetica per Riscaldamento | E3: Se,cli | F3: =('Vettori energetici'!F6*'Consumi vet energ.'!F5)+('Vettori energetici'!F13*'Consumi vet energ.'!F11) -> 29739.886 | G3: €
A4: Calcolo della spesa energetica per ACS | E4: Se,acs | F4: =('Vettori energetici'!F6*'Consumi vet energ.'!F6)+('Vettori energetici'!F13*'Consumi vet energ.'!F12) -> 5125.5079 | G4: €
A5: Calcolo del coefficiente di ripartizione per Riscaldamento | E5: kcli | F5: =Generatore!N5 -> 0.735
A6: Calcolo del coefficiente di ripartizione per ACS | E6: kacs | F6: =Generatore!N11 -> 0.265
A7: Calcolo della spesa per conduzione e manutenzione ordinaria dell'impianto termico centralizzato per Riscaldamento | E7: Scm,cli | F7: ='Dati generali'!I13*F5 -> 1390.62 | G7: €
A8: Calcolo della spesa per conduzione e manutenzione ordinaria dell'impianto termico centralizzato per ACS | E8: Scm,acs | F8: ='Dati generali'!I13*F6 -> 501.38 | G8: €
A9: Calcolo della spesa per la gestione del servizio di contabilizzazione dell'energia termica utile per Riscaldamento | E9: Scr,cli | F9: ='Dati generali'!I14*F5 -> 1011.4776 | G9: €
A10: Calcolo della spesa per la gestione del servizio di contabilizzazione dell'energia termica utile per ACS | E10: Scr,acs | F10: ='Dati generali'!I14*F6 -> 364.6824 | G10: €
A11: Calcolo della spesa totale per Riscaldamento | E11: Scli | F11: =F3+F7+F9 -> 32141.984 | G11: €
A12: Calcolo della spesa totale per ACS | E12: Sacs | F12: =F4+F8+F10 -> 5991.5703 | G12: €
A13: Calcolo della spesa totale per Riscaldamento e ACS | E13: St | F13: =F11+F12 -> 38133.554 | G13: €
A15: Calcolo dei costi unitari dell'energia termica utile
A16: Calcolo del costo unitario dell'energia termica utile per Riscaldamento | E16: ccli | F16: =F3/'Consumi vet energ.'!F19 -> 0.12009009 | G16: €/kWh
A17: Calcolo del costo unitario dell'energia termica utile per ACS | E17: cacs | F17: =F4/'Consumi vet energ.'!F20 -> 0.057404539 | G17: €/kWh
A19: Calcolo del consumo involontario di energia termica utile per Riscaldamento
A20: Calcolo del consumo involontario | E20: Qinv,cli | F20: ='Dati generali'!I15 -> 126203.13 | G20: kWh
B24: Valori da inserire
B25: Valori da calcolo UNI

Sheet Ripart. u.i.
A2: Calcolo delle unità di ripartizione delle singole unità immobiliari
A3: Unità immobiliare 1 | L3: RISC | M3: ACS | N3: Mill Clima | O3: Mill ACS
A4: Calcolo delle unità di ripartizione del corpo scaldante 1 | E4: urcs,1,1 | F4: ='Letture-mill. u.i.'!F4-'Letture-mill. u.i.'!F3 -> 608 | G4: ur | J4: 1 | K4: ALBERIZZI/PICCIRILLI | L4: 5168 | M4: 36 | N4: 24.02 | O4: 25.78
A5: Calcolo delle unità di ripartizione del corpo scaldante 2 | E5: urcs,2,1 | F5: ='Letture-mill. u.i.'!F6-'Letture-mill. u.i.'!F5 -> 2016 | G5: ur | J5: 2 | K5: ALBERIZZI/PISANI | L5: 9654 | M5: 23 | N5: 16.67 | O5: 21.4
A6: Calcolo delle unità di ripartizione del corpo scaldante 3 | E6: urcs,3,1 | F6: ='Letture-mill. u.i.'!F8-'Letture-mill. u.i.'!F7 -> 1260 | G6: ur | J6: 3 | K6: APONE GIULIO | L6: 3442 | M6: 30 | N6: 19.59 | O6: 21.32
A7: Calcolo delle unità di ripartizione del corpo scaldante 4 | E7: urcs,4,1 | F7: ='Letture-mill. u.i.'!F10-'Letture-mill. u.i.'!F9 -> 1512 | G7: ur | J7: 4 | K7: BADINI MARCO | L7: 4461 | M7: 57 | N7: 18.5 | O7: 21.37
A8: Calcolo delle unità di ripartizione del corpo scaldante 5 | E8: urcs,5,1 | F8: ='Letture-mill. u.i.'!F12-'Letture-mill. u.i.'!F11 -> 1412 | G8: ur | J8: 5 | K8: BARBIERI MARCO | L8: 6598 | M8: 49 | N8: 17.07 | O8: 21.4
A9: Calcolo delle unità di ripartizione del corpo scaldante 6 | E9: urcs,6,1 | F9: ='Letture-mill. u.i.'!F14-'Letture-mill. u.i.'!F13 -> 1412 | G9: ur | J9: 6 | K9: LANDI FRANCA | L9: 5259 | M9: 49 | N9: 23.17 | O9: 25.87
A10: Calcolo delle unità di ripartizione del corpo scaldante 7 | E10: urcs,7,1 | F10: ='Letture-mill. u.i.'!F16-'Letture-mill. u.i.'!F15 -> 1412 | G10: ur | J10: 7 | K10: BELLOMI VIVIANA | L10: 1040 | M10: 0 | N10: 20.31 | O10: 2.06
A11: Calcolo delle unità di ripartizione del corpo scaldante 8 | E11: urcs,8,1 | F11: ='Letture-mill. u.i.'!F18-'Letture-mill. u.i.'!F17 -> 1412 | G11: ur | J11: 8 | K11: BERTUCCA IVAN | L11: 3083 | M11: 41 | N11: 16.8 | O11: 21.31
A12: Calcolo delle unità di ripartizione del corpo scaldante 9 | E12: urcs,9,1 | F12: ='Letture-mill. u.i.'!F20-'Letture-mill. u.i.'!F19 -> 1412 | G12: ur | J12: 9 | K12: BLEJUT STEFAN | L12: 6837 | M12: 56 | N12: 28.87 | O12: 25.22
A13: Calcolo delle unità di ripartizione del corpo scaldante 10 | E13: urcs,10,1 | F13: ='Letture-mill. u.i.'!F22-'Letture-mill. u.i.'!F21 -> 1412 | G13: ur | J13: 10 | K13: BOLLANI ANGELINA | L13: 11634 | M13: 13 | N13: 20.38 | O13: 25.6
A14: Calcolo delle unità di ripartizione del corpo scaldante 11 | E14: urcs,11,1 | F14: ='Letture-mill. u.i.'!F24-'Letture-mill. u.i.'!F23 -> 1412 | G14: ur | J14: 11 | K14: CARENZIO ADRIANO | L14: 26931 | M14: 74 | N14: 16.96 | O14: 21.34
A15: Calcolo delle unità di ripartizione dell'unità immobiliare | E15: ur1 | F15: =SUM(F4:F14) -> 15280 | J15: 12 | K15: CASSE'/PEZZINI | L15: 3068 | M15: 27 | N15: 18.86 | O15: 25.83
J16: 13 | K16: CASSE' NATALIA | L16: 2162 | M16: 3 | N16: 22.27 | O16: 21.31
A17: Unità immobiliare 2 | J17: 14 | K17: RIZZI/CAVALLOTTI | L17: 17042 | M17: 96 | N17: 20.97 | O17: 25.57
A18: Calcolo delle unità di ripartizione del corpo scaldante 1 | E18: urcs,1,2 | F18: ='Letture-mill. u.i.'!F32-'Letture-mill. u.i.'!F31 -> 362 | G18: ur | J18: 15 | K18: CAJA EMILIO LUIGI | L18: 6932 | M18: 48 | N18: 21.4 | O18: 21.39
A19: Calcolo delle unità di ripartizione del corpo scaldante 2 | E19: urcs,2,2 | F19: ='Letture-mill. u.i.'!F34-'Letture-mill. u.i.'!F33 -> 486 | G19: ur | J19: 16 | K19: DE SANTOLO/CEVARZERE | L19: 12014 | M19: 68 | N19: 18.46 | O19: 21.56
A20: Calcolo delle unità di ripartizione del corpo scaldante 3 | E20: urcs,3,2 | F20: ='Letture-mill. u.i.'!F36-'Letture-mill. u.i.'!F35 -> 313 | G20: ur | J20: 17 | K20: CIVARDI MIRELLA | L20: 1059 | M20: 0 | N20: 20.91 | O20: 25.25
A21: Calcolo delle unità di ripartizione del corpo scaldante 4 | E21: urcs,4,2 | F21: ='Letture-mill. u.i.'!F38-'Letture-mill. u.i.'!F37 -> 233 | G21: ur | J21: 18 | K21: CRISTIANI SERGIO | L21: 3089 | M21: 10 | N21: 21.21 | O21: 21.39
A22: Calcolo delle unità di ripartizione del corpo scaldante 5 | E22: urcs,5,2 | F22: ='Letture-mill. u.i.'!F40-'Letture-mill. u.i.'!F39 -> 363 | G22: ur | J22: 19 | K22: D'ACUTO ANTONIO | L22: 7932 | M22: 53 | N22: 22.71 | O22: 25.26
A23: Calcolo delle unità di ripartizione del corpo scaldante 6 | E23: urcs,6,2 | F23: ='Letture-mill. u.i.'!F42-'Letture-mill. u.i.'!F41 -> 147 | G23: ur | J23: 20 | K23: DEL PRETE/STASI | L23: 5222 | M23: 0 | N23: 21.2 | O23: 2.04
A24: Calcolo delle unità di ripartizione del corpo scaldante 7 | E24: urcs,7,2 | F24: ='Letture-mill. u.i.'!F44-'Letture-mill. u.i.'!F43 -> 637 | G24: ur | J24: 21 | K24: FERRARI CLAUDIA | L24: 2989 | M24: 1 | N24: 17.26 | O24: 21.36
A25: Calcolo delle unità di ripartizione dell'unità immobiliare | E25: ur2 | F25: =SUM(F18:F24) -> 2541 | J25: 22 | K25: GALLI DONATELLA | L25: 2259 | M25: 2 | N25: 18.85 | O25: 21.56
J26: 23 | K26: MAGLIONA CATERINA | L26: 9335 | M26: 96 | N26: 19.04 | O26: 25.7
A27: Unità immobiliare 3 | J27: 24 | K27: MARCONI ANNA | L27: 5635 | M27: 11 | N27: 18.04 | O27: 21.72
A28: Calcolo delle unità di ripartizione del corpo scaldante 1 | E28: urcs,1,3 | F28: ='Letture-mill. u.i.'!F52-'Letture-mill. u.i.'!F51 -> 837 | G28: ur | J28: 25 | K28: FIORINO GIOVANNA | L28: 19805 | M28: 60 | N28: 18.96 | O28: 21.45
A29: Calcolo delle unità di ripartizione del corpo scaldante 2 | E29: urcs,2,3 | F29: ='Letture-mill. u.i.'!F54-'Letture-mill. u.i.'!F53 -> 937 | G29: ur | J29: 26 | K29: MORISETTI/FERRARI | L29: 8157 | M29: 19 | N29: 19.43 | O29: 25.32
A30: Calcolo delle unità di ripartizione del corpo scaldante 3 | E30: urcs,3,3 | F30: ='Letture-mill. u.i.'!F56-'Letture-mill. u.i.'!F55 -> 357 | G30: ur | J30: 27 | K30: NARATONE SANPIETRO | L30: 8254 | M30: 9 | N30: 19.97 | O30: 21.56
A31: Calcolo delle unità di ripartizione del corpo scaldante 4 | E31: urcs,4,3 | F31: ='Letture-mill. u.i.'!F58-'Letture-mill. u.i.'!F57 -> 332 | G31: ur | J31: 28 | K31: PAINELLI GIUSEPPE | L31: 6926 | M31: 80 | N31: 16.62 | O31: 21.45
A32: Calcolo delle unità di ripartizione del corpo scaldante 5 | E32: urcs,5,3 | F32: ='Letture-mill. u.i.'!F60-'Letture-mill. u.i.'!F59 -> 301 | G32: ur | J32: 29 | K32: PALADINI PIETRO | L32: 19007 | M32: 15 | N32: 23.22 | O32: 25.83
A33: Calcolo delle unità di ripartizione del corpo scaldante 6 | E33: urcs,6,3 | F33: ='Letture-mill. u.i.'!F62-'Letture-mill. u.i.'!F61 -> 58 | G33: ur | J33: 30 | K33: PANIGAZZI/LODOLA | L33: 4502 | M33: 6 | N33: 28.53 | O33: 23.43
A34: Calcolo delle unità di ripartizione del corpo scaldante 7 | E34: urcs,7,3 | F34: ='Letture-mill. u.i.'!F64-'Letture-mill. u.i.'!F63 -> 261 | G34: ur | J34: 31 | K34: PISOTTI FABRIZIO | L34: 16808 | M34: 102 | N34: 23.86 | O34: 22.09
A35: Calcolo delle unità di ripartizione del corpo scaldante 8 | E35: urcs,8,3 | F35: ='Letture-mill. u.i.'!F66-'Letture-mill. u.i.'!F65 -> 254 | G35: ur | J35: 32 | K35: RIBONI ALBERTO | L35: 2665 | M35: 0 | N35: 23.15 | O35: 20.68
A36: Calcolo delle unità di ripartizione dell'unità immobiliare | E36: ur3 | F36: =SUM(F28:F35) -> 3337 | J36: 33 | K36: ROSSANIGO/RIBONI | L36: 15116 | M36: 112 | N36: 29.88 | O36: 25.16
J37: 34 | K37: DE SANTOLO/ROVEDA | L37: 12749 | M37: 53 | N37: 17.48 | O37: 21.63
A38: Unità immobiliare 4 | J38: 35 | K38: SACCHI ORAZIO | L38: 15759 | M38: 21 | N38: 21.21 | O38: 25.29
A39: Calcolo delle unità di ripartizione del corpo scaldante 1 | E39: urcs,1,4 | F39: ='Letture-mill. u.i.'!F74-'Letture-mill. u.i.'!F73 -> 881 | G39: ur | J39: 36 | K39: SALERNO ROSELLA MARIA | L39: 1275 | M39: 29 | N39: 18.83 | O39: 26.05
A40: Calcolo delle unità di ripartizione del corpo scaldante 2 | E40: urcs,2,4 | F40: ='Letture-mill. u.i.'!F76-'Letture-mill. u.i.'!F75 -> 986 | G40: ur | J40: 37 | K40: SESTITO ANTONIO | L40: 8312 | M40: 47 | N40: 20.36 | O40: 25.29
A41: Calcolo delle unità di ripartizione del corpo scaldante 3 | E41: urcs,3,4 | F41: ='Letture-mill. u.i.'!F78-'Letture-mill. u.i.'!F77 -> 871 | G41: ur | J41: 38 | K41: SPAIRANI RICCARDO | L41: 5037 | M41: 37 | N41: 22.58 | O41: 21.21
A42: Calcolo delle unità di ripartizione del corpo scaldante 4 | E42: urcs,4,4 | F42: ='Letture-mill. u.i.'!F80-'Letture-mill. u.i.'!F79 -> 820 | G42: ur | J42: 39 | K42: SUPERMERCATO | L42: 0 | M42: 0 | N42: 89.69 | O42: 11.14
A43: Calcolo delle unità di ripartizione del corpo scaldante 5 | E43: urcs,5,4 | F43: ='Letture-mill. u.i.'!F82-'Letture-mill. u.i.'!F81 -> 297 | G43: ur | J43: 40 | K43: TOGNOLI MARIA | L43: 5475 | M43: 8 | N43: 22.64 | O43: 25.75
A44: Calcolo delle unità di ripartizione del corpo scaldante 6 | E44: urcs,6,4 | F44: ='Letture-mill. u.i.'!F84-'Letture-mill. u.i.'!F83 -> 360 | G44: ur | J44: 41 | K44: URBANI TERESIO | L44: 5658 | M44: 12 | N44: 22.52 | O44: 25.26
A45: Calcolo delle unità di ripartizione del corpo scaldante 7 | E45: urcs,7,4 | F45: ='Letture-mill. u.i.'!F86-'Letture-mill. u.i.'!F85 -> 150 | G45: ur | J45: 42 | K45: VERRI RITA | L45: 3970 | M45: 12 | N45: 18.57 | O45: 25.72
A46: Calcolo delle unità di ripartizione del corpo scaldante 8 | E46: urcs,8,4 | F46: ='Letture-mill. u.i.'!F88-'Letture-mill. u.i.'!F87 -> 244 | G46: ur | J46: 43 | K46: WANG JUNYI | L46: 11969 | M46: 90 | N46: 19.94 | O46: 25.28
A47: Calcolo delle unità di ripartizione del corpo scaldante 9 | E47: urcs,9,4 | F47: ='Letture-mill. u.i.'!F90-'Letture-mill. u.i.'!F89 -> 761 | G47: ur | J47: 44 | K47: ZABORRA MARIO | L47: 19458 | M47: 69 | N47: 19.75 | O47: 21.56
A48: Calcolo delle unità di ripartizione del corpo scaldante 10 | E48: urcs,10,4 | F48: ='Letture-mill. u.i.'!F92-'Letture-mill. u.i.'!F91 -> 275 | G48: ur | J48: 45 | K48: ZOCCALI FABIO | L48: 11593 | M48: 28 | N48: 19.27 | O48: 25.84
A49: Calcolo delle unità di ripartizione dell'unità immobiliare | E49: ur4 | F49: =SUM(F39:F48) -> 5645 | K49: TOTALE | L49: =SUM(L4:L48) -> 365340 | M49: =SUM(M4:M48) -> 1652
A51: Unità immobiliare 5
A52: Calcolo delle unità di ripartizione del corpo scaldante 1 | E52: urcs,1,5 | F52: ='Letture-mill. u.i.'!F100-'Letture-mill. u.i.'!F99 -> 425 | G52: ur
A53: Calcolo delle unità di ripartizione del corpo scaldante 2 | E53: urcs,2,5 | F53: ='Letture-mill. u.i.'!F102-'Letture-mill. u.i.'!F101 -> 780 | G53: ur
A54: Calcolo delle unità di ripartizione del corpo scaldante 3 | E54: urcs,3,5 | F54: ='Letture-mill. u.i.'!F104-'Letture-mill. u.i.'!F103 -> 845 | G54: ur
A55: Calcolo delle unità di ripartizione del corpo scaldante 4 | E55: urcs,4,5 | F55: ='Letture-mill. u.i.'!F106-'Letture-mill. u.i.'!F105 -> 57 | G55: ur
A56: Calcolo delle unità di ripartizione del corpo scaldante 5 | E56: urcs,5,5 | F56: ='Letture-mill. u.i.'!F108-'Letture-mill. u.i.'!F107 -> 33 | G56: ur
A57: Calcolo delle unità di ripartizione del corpo scaldante 6 | E57: urcs,6,5 | F57: ='Letture-mill. u.i.'!F110-'Letture-mill. u.i.'!F109 -> 187 | G57: ur
A58: Calcolo delle unità di ripartizione del corpo scaldante 7 | E58: urcs,7,5 | F58: ='Letture-mill. u.i.'!F112-'Letture-mill. u.i.'!F111 -> 742 | G58: ur
A59: Calcolo delle unità di ripartizione del corpo scaldante 8 | E59: urcs,8,5 | F59: ='Letture-mill. u.i.'!F114-'Letture-mill. u.i.'!F113 -> 906 | G59: ur
A60: Calcolo delle unità di ripartizione del corpo scaldante 9 | E60: urcs,9,5 | F60: ='Letture-mill. u.i.'!F116-'Letture-mill. u.i.'!F115 -> 2 | G60: ur
A61: Calcolo delle unità di ripartizione dell'unità immobiliare | E61: ur5 | F61: =SUM(F51:F60) -> 3977
A63: Unità immobiliare 6
A64: Calcolo delle unità di ripartizione del corpo scaldante 1 | E64: urcs,1,6 | F64: ='Letture-mill. u.i.'!F124-'Letture-mill. u.i.'!F123 -> 496 | G64: ur
A65: Calcolo delle unità di ripartizione del corpo scaldante 2 | E65: urcs,2,6 | F65: ='Letture-mill. u.i.'!F126-'Letture-mill. u.i.'!F125 -> 1736 | G65: ur
A66: Calcolo delle unità di ripartizione del corpo scaldante 3 | E66: urcs,3,6 | F66: ='Letture-mill. u.i.'!F128-'Letture-mill. u.i.'!F127 -> 1016 | G66: ur
A67: Calcolo delle unità di ripartizione del corpo scaldante 4 | E67: urcs,4,6 | F67: ='Letture-mill. u.i.'!F130-'Letture-mill. u.i.'!F129 -> 1539 | G67: ur
A68: Calcolo delle unità di ripartizione del corpo scaldante 5 | E68: urcs,5,6 | F68: ='Letture-mill. u.i.'!F132-'Letture-mill. u.i.'!F131 -> 1239 | G68: ur
A69: Calcolo delle unità di ripartizione del corpo scaldante 6 | E69: urcs,6,6 | F69: ='Letture-mill. u.i.'!F134-'Letture-mill. u.i.'!F133 -> 1412 | G69: ur
A70: Calcolo delle unità di ripartizione del corpo scaldante 7 | E70: urcs,7,6 | F70: ='Letture-mill. u.i.'!F136-'Letture-mill. u.i.'!F135 -> 1412 | G70: ur
A71: Calcolo delle unità di ripartizione del corpo scaldante 8 | E71: urcs,8,6 | F71: ='Letture-mill. u.i.'!F138-'Letture-mill. u.i.'!F137 -> 1412 | G71: ur
A72: Calcolo delle unità di ripartizione dell'unità immobiliare | E72: ur6 | F72: =SUM(F62:F71) -> 10262
A74: Unità immobiliare 7
A75: Calcolo delle unità di ripartizione del corpo scaldante 1 | E75: urcs,1,7 | F75: ='Letture-mill. u.i.'!F146-'Letture-mill. u.i.'!F145 -> 496 | G75: ur
A76: Calcolo delle unità di ripartizione del corpo scaldante 2 | E76: urcs,2,7 | F76: ='Letture-mill. u.i.'!F148-'Letture-mill. u.i.'!F147 -> 1736 | G76: ur
A77: Calcolo delle unità di ripartizione del corpo scaldante 3 | E77: urcs,3,7 | F77: ='Letture-mill. u.i.'!F150-'Letture-mill. u.i.'!F149 -> 1016 | G77: ur
A78: Calcolo delle unità di ripartizione del corpo scaldante 4 | E78: urcs,4,7 | F78: ='Letture-mill. u.i.'!F152-'Letture-mill. u.i.'!F151 -> 1539 | G78: ur
A79: Calcolo delle unità di ripartizione del corpo scaldante 5 | E79: urcs,5,7 | F79: ='Letture-mill. u.i.'!F154-'Letture-mill. u.i.'!F153 -> 1239 | G79: ur
A80: Calcolo delle unità di ripartizione del corpo scaldante 6 | E80: urcs,6,7 | F80: ='Letture-mill. u.i.'!F156-'Letture-mill. u.i.'!F155 -> 1412 | G80: ur
A81: Calcolo delle unità di ripartizione del corpo scaldante 7 | E81: urcs,7,7 | F81: ='Letture-mill. u.i.'!F158-'Letture-mill. u.i.'!F157 -> 1412 | G81: ur
A82: Calcolo delle unità di ripartizione del corpo scaldante 8 | E82: urcs,8,7 | F82: ='Letture-mill. u.i.'!F160-'Letture-mill. u.i.'!F159 -> 1412 | G82: ur
A83: Calcolo delle unità di ripartizione dell'unità immobiliare | E83: ur7 | F83: =SUM(F73:F82) -> 10262
A85: Unità immobiliare 8
A86: Calcolo delle unità di ripartizione del corpo scaldante 1 | E86: urcs,1,8 | F86: ='Letture-mill. u.i.'!F168-'Letture-mill. u.i.'!F167 -> 608 | G86: ur
A87: Calcolo delle unità di ripartizione del corpo scaldante 2 | E87: urcs,2,8 | F87: ='Letture-mill. u.i.'!F170-'Letture-mill. u.i.'!F169 -> 2016 | G87: ur
A88: Calcolo delle unità di ripartizione del corpo scaldante 3 | E88: urcs,3,8 | F88: ='Letture-mill. u.i.'!F172-'Letture-mill. u.i.'!F171 -> 1260 | G88: ur
A89: Calcolo delle unità di ripartizione del corpo scaldante 4 | E89: urcs,4,8 | F89: ='Letture-mill. u.i.'!F174-'Letture-mill. u.i.'!F173 -> 1512 | G89: ur
A90: Calcolo delle unità di ripartizione del corpo scaldante 5 | E90: urcs,5,8 | F90: ='Letture-mill. u.i.'!F176-'Letture-mill. u.i.'!F175 -> 1412 | G90: ur
A91: Calcolo delle unità di ripartizione del corpo scaldante 6 | E91: urcs,6,8 | F91: ='Letture-mill. u.i.'!F178-'Letture-mill. u.i.'!F177 -> 1412 | G91: ur
A92: Calcolo delle unità di ripartizione del corpo scaldante 7 | E92: urcs,7,8 | F92: ='Letture-mill. u.i.'!F180-'Letture-mill. u.i.'!F179 -> 1412 | G92: ur
A93: Calcolo delle unità di ripartizione del corpo scaldante 8 | E93: urcs,8,8 | F93: ='Letture-mill. u.i.'!F182-'Letture-mill. u.i.'!F181 -> 1412 | G93: ur
A94: Calcolo delle unità di ripartizione del corpo scaldante 9 | E94: urcs,9,8 | F94: ='Letture-mill. u.i.'!F184-'Letture-mill. u.i.'!F183 -> 1412 | G94: ur
A95: Calcolo delle unità di ripartizione del corpo scaldante 10 | E95: urcs,10,8 | F95: ='Letture-mill. u.i.'!F186-'Letture-mill. u.i.'!F185 -> 1412 | G95: ur
A96: Calcolo delle unità di ripartizione del corpo scaldante 11 | E96: urcs,11,8 | F96: ='Letture-mill. u.i.'!F188-'Letture-mill. u.i.'!F187 -> 1412 | G96: ur
A97: Calcolo delle unità di ripartizione dell'unità immobiliare | E97: ur8 | F97: =SUM(F86:F96) -> 15280
A99: Unità immobiliare 9
A100: Calcolo delle unità di ripartizione del corpo scaldante 1 | E100: urcs,1,9 | F100: ='Letture-mill. u.i.'!F196-'Letture-mill. u.i.'!F195 -> 608 | G100: ur
A101: Calcolo delle unità di ripartizione del corpo scaldante 2 | E101: urcs,2,9 | F101: ='Letture-mill. u.i.'!F198-'Letture-mill. u.i.'!F197 -> 2016 | G101: ur
A102: Calcolo delle unità di ripartizione del corpo scaldante 3 | E102: urcs,3,9 | F102: ='Letture-mill. u.i.'!F200-'Letture-mill. u.i.'!F199 -> 1260 | G102: ur
A103: Calcolo delle unità di ripartizione del corpo scaldante 4 | E103: urcs,4,9 | F103: ='Letture-mill. u.i.'!F202-'Letture-mill. u.i.'!F201 -> 1512 | G103: ur
A104: Calcolo delle unità di ripartizione del corpo scaldante 5 | E104: urcs,5,9 | F104: ='Letture-mill. u.i.'!F204-'Letture-mill. u.i.'!F203 -> 1412 | G104: ur
A105: Calcolo delle unità di ripartizione del corpo scaldante 6 | E105: urcs,6,9 | F105: ='Letture-mill. u.i.'!F206-'Letture-mill. u.i.'!F205 -> 1412 | G105: ur
A106: Calcolo delle unità di ripartizione del corpo scaldante 7 | E106: urcs,7,9 | F106: ='Letture-mill. u.i.'!F208-'Letture-mill. u.i.'!F207 -> 1412 | G106: ur
...

Sheet Consumo e spesa
A1: Calcolo dei consumi di energia termica utile dellesingole unità immobiliari
A2: 1 | J2: Calcolo delle componenti del consumo totale di energia termica utile dell'edificio per Riscaldamento e ACS
A3: Calcolo dei consumi di energia termica utile per Riscaldamento | E3: Qui,cli,1 | F3: =('Consumi vet energ.'!$F$19-'Spese e costi unitari'!$F$20)*('Ripart. u.i.'!L4/'Ripart. u.i.'!$L$49) -> 1717.9043 | G3: kWh | J3: Calcolo delle componenti del consumo totale di energia termica utile dell'unità immobiliari per Riscaldamento | N3: Qui,cli,t
A4: Calcolo dei consumi di energia termica utile per ACS | E4: Qui,acs,1 | F4: =('Ripart. u.i.'!M4)*$K$26*$K$27*($K$28-$K$29) -> 1380.456 | G4: kWh | O4: =F3+F6+F9+F12+F15+F18+F21+F24+F27+F30+F33+F36+F39+F42+F45+F48+F51+F54+F57+F60+F63+F66+F69+F72+F75+F78+F81+F84+F87+F90+F93+F96+F99+F102+F105+F108+F111+F114+F117+F120+F123+F126+F129+F132+F135 -> 121443.34 | P4: kWh
A5: 2
A6: Calcolo dei consumi di energia termica utile per Riscaldamento | E6: Qui,cli,2 | F6: =('Consumi vet energ.'!$F$19-'Spese e costi unitari'!$F$20)*('Ripart. u.i.'!L5/'Ripart. u.i.'!$L$49) -> 3209.1037 | G6: kWh | J6: Calcolo delle componenti del consumo totale di energia termica utile dell'unità immobiliari per ACS | N6: Qui,acs,t
A7: Calcolo dei consumi di energia termica utile per ACS | E7: Qui,acs,2 | F7: =('Ripart. u.i.'!M5)*$K$26*$K$27*($K$28-$K$29) -> 881.958 | G7: kWh | O7: =F4+F7+F10+F13+F16+F19+F22+F25+F28+F31+F34+F37+F40+F43+F46+F49+F52+F55+F58+F61+F64+F67+F70+F73+F76+F79+F82+F85+F88+F91+F94+F97+F100+F103+F106+F109+F112+F115+F118+F121+F124+F127+F130+F133+F136 -> 63347.592 | P7: kWh
A8: 3
A9: Calcolo dei consumi di energia termica utile per Riscaldamento | E9: Qui,cli,3 | F9: =('Consumi vet energ.'!$F$19-'Spese e costi unitari'!$F$20)*('Ripart. u.i.'!L6/'Ripart. u.i.'!$L$49) -> 1144.1615 | G9: kWh | J9: Calcolo del consumo involontario di energia termica utile per ACS | N9: Qinv,acs
A10: Calcolo dei consumi di energia termica utile per ACS | E10: Qui,acs,3 | F10: =('Ripart. u.i.'!M6)*$K$26*$K$27*($K$28-$K$29) -> 1150.38 | G10: kWh | O10: ='Consumi vet energ.'!F20-O7 -> 25939.909 | P10: kWh
A11: 4
A12: Calcolo dei consumi di energia termica utile per Riscaldamento | E12: Qui,cli,4 | F12: =('Consumi vet energ.'!$F$19-'Spese e costi unitari'!$F$20)*('Ripart. u.i.'!L7/'Ripart. u.i.'!$L$49) -> 1482.8891 | G12: kWh
A13: Calcolo dei consumi di energia termica utile per ACS | E13: Qui,acs,4 | F13: =('Ripart. u.i.'!M7)*$K$26*$K$27*($K$28-$K$29) -> 2185.722 | G13: kWh | J13: Calcolo delle componenti della spesa totale per Riscaldamento e ACS
A14: 5 | J14: Calcolo delle componenti della spesa totale per il consumo di energia termica utile delle unità immobiliari per Riscaldamento | N14: Sui,cli
A15: Calcolo dei consumi di energia termica utile per Riscaldamento | E15: Qui,cli,5 | F15: =('Consumi vet energ.'!$F$19-'Spese e costi unitari'!$F$20)*('Ripart. u.i.'!L8/'Ripart. u.i.'!$L$49) -> 2193.2532 | G15: kWh | O15: ='Spese e costi unitari'!F16*O4 -> 14584.141 | P15: € | Q15: =SUM(O15,O21) -> 32141.984
A16: Calcolo dei consumi di energia termica utile per ACS | E16: Qui,acs,5 | F16: =('Ripart. u.i.'!M8)*$K$26*$K$27*($K$28-$K$29) -> 1878.954 | G16: kWh
A17: 6 | J17: Calcolo delle componenti della spesa totale per il consumo di energia termica utile delle unità immobiliari per ACS | N17: Sui,acs
A18: Calcolo dei consumi di energia termica utile per Riscaldamento | E18: Qui,cli,6 | F18: =('Consumi vet energ.'!$F$19-'Spese e costi unitari'!$F$20)*('Ripart. u.i.'!L9/'Ripart. u.i.'!$L$49) -> 1748.1538 | G18: kWh | O18: ='Spese e costi unitari'!F17*O7 -> 3636.4393 | P18: € | Q18: =SUM(O18,O23) -> 5991.5703
A19: Calcolo dei consumi di energia termica utile per ACS | E19: Qui,acs,6 | F19: =('Ripart. u.i.'!M9)*$K$26*$K$27*($K$28-$K$29) -> 1878.954 | G19: kWh
A20: 7 | J20: Calcolo della spesa totale per potenza termica installata per Riscaldamento | N20: Sp,cli
A21: Calcolo dei consumi di energia termica utile per Riscaldamento | E21: Qui,cli,7 | F21: =('Consumi vet energ.'!$F$19-'Spese e costi unitari'!$F$20)*('Ripart. u.i.'!L10/'Ripart. u.i.'!$L$49) -> 345.7083 | G21: kWh | O21: =('Spese e costi unitari'!F16*'Spese e costi unitari'!F20)+'Spese e costi unitari'!F7+'Spese e costi unitari'!F9 -> 17557.843 | P21: € | Q21: =SUM(Q15:Q19) -> 38133.554
A22: Calcolo dei consumi di energia termica utile per ACS | E22: Qui,acs,7 | F22: =('Ripart. u.i.'!M10)*$K$26*$K$27*($K$28-$K$29) -> 0 | G22: kWh | J22: Calcolo della spesa totale per potenza termica installata per ACS | N22: Sp,acs
A23: 8 | O23: =('Spese e costi unitari'!F17*O10)+'Spese e costi unitari'!F8+'Spese e costi unitari'!F10 -> 2355.1309 | P23: €
A24: Calcolo dei consumi di energia termica utile per Riscaldamento | E24: Qui,cli,8 | F24: =('Consumi vet energ.'!$F$19-'Spese e costi unitari'!$F$20)*('Ripart. u.i.'!L11/'Ripart. u.i.'!$L$49) -> 1024.8257 | G24: kWh
A25: Calcolo dei consumi di energia termica utile per ACS | E25: Qui,acs,8 | F25: =('Ripart. u.i.'!M11)*$K$26*$K$27*($K$28-$K$29) -> 1572.186 | G25: kWh
A26: 9 | J26: qp = | K26: 1000 | O26: =SUM(O15:O25) -> 38133.554
A27: Calcolo dei consumi di energia termica utile per Riscaldamento | E27: Qui,cli,9 | F27: =('Consumi vet energ.'!$F$19-'Spese e costi unitari'!$F$20)*('Ripart. u.i.'!L12/'Ripart. u.i.'!$L$49) -> 2272.6996 | G27: kWh | J27: mv = | K27: =1.162*10^-3 -> 0.001162
A28: Calcolo dei consumi di energia termica utile per ACS | E28: Qui,acs,9 | F28: =('Ripart. u.i.'!M12)*$K$26*$K$27*($K$28-$K$29) -> 2147.376 | G28: kWh | J28: θacs = | K28: 48
A29: 10 | J29: θf = | K29: 15
A30: Calcolo dei consumi di energia termica utile per Riscaldamento | E30: Qui,cli,10 | F30: =('Consumi vet energ.'!$F$19-'Spese e costi unitari'!$F$20)*('Ripart. u.i.'!L13/'Ripart. u.i.'!$L$49) -> 3867.2791 | G30: kWh
A31: Calcolo dei consumi di energia termica utile per ACS | E31: Qui,acs,10 | F31: =('Ripart. u.i.'!M13)*$K$26*$K$27*($K$28-$K$29) -> 498.498 | G31: kWh
A32: 11
A33: Calcolo dei consumi di energia termica utile per Riscaldamento | E33: Qui,cli,1 | F33: =('Consumi vet energ.'!$F$19-'Spese e costi unitari'!$F$20)*('Ripart. u.i.'!L14/'Ripart. u.i.'!$L$49) -> 8952.1828 | G33: kWh | R33: Valori da inserire
A34: Calcolo dei consumi di energia termica utile per ACS | E34: Qui,acs,1 | F34: =('Ripart. u.i.'!M14)*$K$26*$K$27*($K$28-$K$29) -> 2837.604 | G34: kWh | R34: Valori da calcolo UNI
A35: 12
A36: Calcolo dei consumi di energia termica utile per Riscaldamento | E36: Qui,cli,2 | F36: =('Consumi vet energ.'!$F$19-'Spese e costi unitari'!$F$20)*('Ripart. u.i.'!L15/'Ripart. u.i.'!$L$49) -> 1019.8395 | G36: kWh
A37: Calcolo dei consumi di energia termica utile per ACS | E37: Qui,acs,2 | F37: =('Ripart. u.i.'!M15)*$K$26*$K$27*($K$28-$K$29) -> 1035.342 | G37: kWh
A38: 13
A39: Calcolo dei consumi di energia termica utile per Riscaldamento | E39: Qui,cli,3 | F39: =('Consumi vet energ.'!$F$19-'Spese e costi unitari'!$F$20)*('Ripart. u.i.'!L16/'Ripart. u.i.'!$L$49) -> 718.67436 | G39: kWh
A40: Calcolo dei consumi di energia termica utile per ACS | E40: Qui,acs,3 | F40: =('Ripart. u.i.'!M16)*$K$26*$K$27*($K$28-$K$29) -> 115.038 | G40: kWh
A41: 14
A42: Calcolo dei consumi di energia termica utile per Riscaldamento | E42: Qui,cli,4 | F42: =('Consumi vet energ.'!$F$19-'Spese e costi unitari'!$F$20)*('Ripart. u.i.'!L17/'Ripart. u.i.'!$L$49) -> 5664.9623 | G42: kWh
A43: Calcolo dei consumi di energia termica utile per ACS | E43: Qui,acs,4 | F43: =('Ripart. u.i.'!M17)*$K$26*$K$27*($K$28-$K$29) -> 3681.216 | G43: kWh
A44: 15
A45: Calcolo dei consumi di energia termica utile per Riscaldamento | E45: Qui,cli,5 | F45: =('Consumi vet energ.'!$F$19-'Spese e costi unitari'!$F$20)*('Ripart. u.i.'!L18/'Ripart. u.i.'!$L$49) -> 2304.2788 | G45: kWh
A46: Calcolo dei consumi di energia termica utile per ACS | E46: Qui,acs,5 | F46: =('Ripart. u.i.'!M18)*$K$26*$K$27*($K$28-$K$29) -> 1840.608 | G46: kWh
A47: 16
A48: Calcolo dei consumi di energia termica utile per Riscaldamento | E48: Qui,cli,6 | F48: =('Consumi vet energ.'!$F$19-'Spese e costi unitari'!$F$20)*('Ripart. u.i.'!L19/'Ripart. u.i.'!$L$49) -> 3993.5956 | G48: kWh
A49: Calcolo dei consumi di energia termica utile per ACS | E49: Qui,acs,6 | F49: =('Ripart. u.i.'!M19)*$K$26*$K$27*($K$28-$K$29) -> 2607.528 | G49: kWh
A50: 17
A51: Calcolo dei consumi di energia termica utile per Riscaldamento | E51: Qui,cli,7 | F51: =('Consumi vet energ.'!$F$19-'Spese e costi unitari'!$F$20)*('Ripart. u.i.'!L20/'Ripart. u.i.'!$L$49) -> 352.02412 | G51: kWh
A52: Calcolo dei consumi di energia termica utile per ACS | E52: Qui,acs,7 | F52: =('Ripart. u.i.'!M20)*$K$26*$K$27*($K$28-$K$29) -> 0 | G52: kWh
A53: 18
A54: Calcolo dei consumi di energia termica utile per Riscaldamento | E54: Qui,cli,8 | F54: =('Consumi vet energ.'!$F$19-'Spese e costi unitari'!$F$20)*('Ripart. u.i.'!L21/'Ripart. u.i.'!$L$49) -> 1026.8201 | G54: kWh
A55: Calcolo dei consumi di energia termica utile per ACS | E55: Qui,acs,8 | F55: =('Ripart. u.i.'!M21)*$K$26*$K$27*($K$28-$K$29) -> 383.46 | G55: kWh
A56: 19
A57: Calcolo dei consumi di energia termica utile per Riscaldamento | E57: Qui,cli,9 | F57: =('Consumi vet energ.'!$F$19-'Spese e costi unitari'!$F$20)*('Ripart. u.i.'!L22/'Ripart. u.i.'!$L$49) -> 2636.6906 | G57: kWh
A58: Calcolo dei consumi di energia termica utile per ACS | E58: Qui,acs,9 | F58: =('Ripart. u.i.'!M22)*$K$26*$K$27*($K$28-$K$29) -> 2032.338 | G58: kWh
A59: 20
A60: Calcolo dei consumi di energia termica utile per Riscaldamento | E60: Qui,cli,10 | F60: =('Consumi vet energ.'!$F$19-'Spese e costi unitari'!$F$20)*('Ripart. u.i.'!L23/'Ripart. u.i.'!$L$49) -> 1735.8545 | G60: kWh
A61: Calcolo dei consumi di energia termica utile per ACS | E61: Qui,acs,10 | F61: =('Ripart. u.i.'!M23)*$K$26*$K$27*($K$28-$K$29) -> 0 | G61: kWh
A62: 21
A63: Calcolo dei consumi di energia termica utile per Riscaldamento | E63: Qui,cli,1 | F63: =('Consumi vet energ.'!$F$19-'Spese e costi unitari'!$F$20)*('Ripart. u.i.'!L24/'Ripart. u.i.'!$L$49) -> 993.57894 | G63: kWh
A64: Calcolo dei consumi di energia termica utile per ACS | E64: Qui,acs,1 | F64: =('Ripart. u.i.'!M24)*$K$26*$K$27*($K$28-$K$29) -> 38.346 | G64: kWh
A65: 22
A66: Calcolo dei consumi di energia termica utile per Riscaldamento | E66: Qui,cli,2 | F66: =('Consumi vet energ.'!$F$19-'Spese e costi unitari'!$F$20)*('Ripart. u.i.'!L25/'Ripart. u.i.'!$L$49) -> 750.91831 | G66: kWh
A67: Calcolo dei consumi di energia termica utile per ACS | E67: Qui,acs,2 | F67: =('Ripart. u.i.'!M25)*$K$26*$K$27*($K$28-$K$29) -> 76.692 | G67: kWh
A68: 23
A69: Calcolo dei consumi di energia termica utile per Riscaldamento | E69: Qui,cli,3 | F69: =('Consumi vet energ.'!$F$19-'Spese e costi unitari'!$F$20)*('Ripart. u.i.'!L26/'Ripart. u.i.'!$L$49) -> 3103.0644 | G69: kWh
A70: Calcolo dei consumi di energia termica utile per ACS | E70: Qui,acs,3 | F70: =('Ripart. u.i.'!M26)*$K$26*$K$27*($K$28-$K$29) -> 3681.216 | G70: kWh
A71: 24
A72: Calcolo dei consumi di energia termica utile per Riscaldamento | E72: Qui,cli,4 | F72: =('Consumi vet energ.'!$F$19-'Spese e costi unitari'!$F$20)*('Ripart. u.i.'!L27/'Ripart. u.i.'!$L$49) -> 1873.1406 | G72: kWh
A73: Calcolo dei consumi di energia termica utile per ACS | E73: Qui,acs,4 | F73: =('Ripart. u.i.'!M27)*$K$26*$K$27*($K$28-$K$29) -> 421.806 | G73: kWh
A74: 25
A75: Calcolo dei consumi di energia termica utile per Riscaldamento | E75: Qui,cli,5 | F75: =('Consumi vet energ.'!$F$19-'Spese e costi unitari'!$F$20)*('Ripart. u.i.'!L28/'Ripart. u.i.'!$L$49) -> 6583.4162 | G75: kWh
A76: Calcolo dei consumi di energia termica utile per ACS | E76: Qui,acs,5 | F76: =('Ripart. u.i.'!M28)*$K$26*$K$27*($K$28-$K$29) -> 2300.76 | G76: kWh
A77: 26
A78: Calcolo dei consumi di energia termica utile per Riscaldamento | E78: Qui,cli,6 | F78: =('Consumi vet energ.'!$F$19-'Spese e costi unitari'!$F$20)*('Ripart. u.i.'!L29/'Ripart. u.i.'!$L$49) -> 2711.4832 | G78: kWh
A79: Calcolo dei consumi di energia termica utile per ACS | E79: Qui,acs,6 | F79: =('Ripart. u.i.'!M29)*$K$26*$K$27*($K$28-$K$29) -> 728.574 | G79: kWh
A80: 27
A81: Calcolo dei consumi di energia termica utile per Riscaldamento | E81: Qui,cli,7 | F81: =('Consumi vet energ.'!$F$19-'Spese e costi unitari'!$F$20)*('Ripart. u.i.'!L30/'Ripart. u.i.'!$L$49) -> 2743.7272 | G81: kWh
A82: Calcolo dei consumi di energia termica utile per ACS | E82: Qui,acs,7 | F82: =('Ripart. u.i.'!M30)*$K$26*$K$27*($K$28-$K$29) -> 345.114 | G82: kWh
A83: 28
A84: Calcolo dei consumi di energia termica utile per Riscaldamento | E84: Qui,cli,8 | F84: =('Consumi vet energ.'!$F$19-'Spese e costi unitari'!$F$20)*('Ripart. u.i.'!L31/'Ripart. u.i.'!$L$49) -> 2302.2843 | G84: kWh
A85: Calcolo dei consumi di energia termica utile per ACS | E85: Qui,acs,8 | F85: =('Ripart. u.i.'!M31)*$K$26*$K$27*($K$28-$K$29) -> 3067.68 | G85: kWh
A86: 29
A87: Calcolo dei consumi di energia termica utile per Riscaldamento | E87: Qui,cli,9 | F87: =('Consumi vet energ.'!$F$19-'Spese e costi unitari'!$F$20)*('Ripart. u.i.'!L32/'Ripart. u.i.'!$L$49) -> 6318.1515 | G87: kWh
A88: Calcolo dei consumi di energia termica utile per ACS | E88: Qui,acs,9 | F88: =('Ripart. u.i.'!M32)*$K$26*$K$27*($K$28-$K$29) -> 575.19 | G88: kWh
A89: 30
A90: Calcolo dei consumi di energia termica utile per Riscaldamento | E90: Qui,cli,10 | F90: =('Consumi vet energ.'!$F$19-'Spese e costi unitari'!$F$20)*('Ripart. u.i.'!L33/'Ripart. u.i.'!$L$49) -> 1496.518 | G90: kWh
A91: Calcolo dei consumi di energia termica utile per ACS | E91: Qui,acs,10 | F91: =('Ripart. u.i.'!M33)*$K$26*$K$27*($K$28-$K$29) -> 230.076 | G91: kWh
A92: 31
A93: Calcolo dei consumi di energia termica utile per Riscaldamento | E93: Qui,cli,1 | F93: =('Consumi vet energ.'!$F$19-'Spese e costi unitari'!$F$20)*('Ripart. u.i.'!L34/'Ripart. u.i.'!$L$49) -> 5587.1779 | G93: kWh
A94: Calcolo dei consumi di energia termica utile per ACS | E94: Qui,acs,1 | F94: =('Ripart. u.i.'!M34)*$K$26*$K$27*($K$28-$K$29) -> 3911.292 | G94: kWh
A95: 32
A96: Calcolo dei consumi di energia termica utile per Riscaldamento | E96: Qui,cli,2 | F96: =('Consumi vet energ.'!$F$19-'Spese e costi unitari'!$F$20)*('Ripart. u.i.'!L35/'Ripart. u.i.'!$L$49) -> 885.87751 | G96: kWh
A97: Calcolo dei consumi di energia termica utile per ACS | E97: Qui,acs,2 | F97: =('Ripart. u.i.'!M35)*$K$26*$K$27*($K$28-$K$29) -> 0 | G97: kWh
A98: 33
A99: Calcolo dei consumi di energia termica utile per Riscaldamento | E99: Qui,cli,3 | F99: =('Consumi vet energ.'!$F$19-'Spese e costi unitari'!$F$20)*('Ripart. u.i.'!L36/'Ripart. u.i.'!$L$49) -> 5024.7371 | G99: kWh
A100: Calcolo dei consumi di energia termica utile per ACS | E100: Qui,acs,3 | F100: =('Ripart. u.i.'!M36)*$K$26*$K$27*($K$28-$K$29) -> 4294.752 | G100: kWh
...

Sheet Spese u.i.
A1: Calcolo delle spese delle singole unità immobiliari
A2: Unità 1
A3: Calcolo della spesa per il consumo di energia termica utile per riscaldamento | E3: Sui,cli,1 | F3: ='Spese e costi unitari'!$F$16*'Consumo e spesa'!F3 -> 206.30328 | G3: €
A4: Calcolo della spesa per il consumo di energia termica utile per ACS | E4: Sui,acs,1 | F4: ='Spese e costi unitari'!$F$17*'Consumo e spesa'!F4 -> 79.244441 | G4: €
A5: Calcolo della spesa per potenza termica installata per Riscaldamento | E5: Sp,cli,1 | F5: ='Consumo e spesa'!$O$21*('Letture-mill. u.i.'!F27/1000) -> 421.73938 | G5: €
A6: Calcolo della spesa per potenza termica installata per ACS | E6: Sp,acs,1 | F6: ='Consumo e spesa'!$O$23*('Letture-mill. u.i.'!F28/1000) -> 60.715276 | G6: €
A7: Calcolo della spesa totale per Riscaldamento | E7: Scli,1 | F7: =F3+F5 -> 628.04266 | G7: € | I7: =('Spese e costi unitari'!$F$16*'Consumo e spesa'!F3)+('Consumo e spesa'!$O$21*('Ripart. u.i.'!N4/1000)) -> 628.04266 | K7: =SUM(F9,F18,F27,F36,F45,F54,F63,F72,F81,F90) -> 7165.4062
A8: Calcolo della spesa totale per ACS | E8: Sacs,1 | F8: =F4+F6 -> 139.95972 | G8: € | I8: =('Spese e costi unitari'!$F$17*'Consumo e spesa'!F4)+('Consumo e spesa'!$O$23*('Ripart. u.i.'!O4/1000)) -> 139.95972
A9: Calcolo della spesa totale per unità | E9: St,1 | F9: =F7+F8 -> 768.00238 | G9: €
A11: Unità 2
A12: Calcolo della spesa per il consumo di energia termica utile per riscaldamento | E12: Sui,cli,2 | F12: ='Spese e costi unitari'!$F$16*'Consumo e spesa'!F6 -> 385.38155 | G12: €
A13: Calcolo della spesa per il consumo di energia termica utile per ACS | E13: Sui,acs,2 | F13: ='Spese e costi unitari'!$F$17*'Consumo e spesa'!F7 -> 50.628393 | G13: €
A14: Calcolo della spesa per potenza termica installata per Riscaldamento | E14: Sp,cli,2 | F14: ='Consumo e spesa'!$O$21*('Letture-mill. u.i.'!F47/1000) -> 292.68924 | G14: €
A15: Calcolo della spesa per potenza termica installata per ACS | E15: Sp,acs,2 | F15: ='Consumo e spesa'!$O$23*('Letture-mill. u.i.'!F48/1000) -> 50.399802 | G15: €
A16: Calcolo della spesa totale per Riscaldamento | E16: Scli,2 | F16: =F12+F14 -> 678.07079 | G16: €
A17: Calcolo della spesa totale per ACS | E17: Sacs,2 | F17: =F13+F15 -> 101.02819 | G17: €
A18: Calcolo della spesa totale per unità | E18: St,2 | F18: =F16+F17 -> 779.09899 | G18: €
A20: Unità 3
A21: Calcolo della spesa per il consumo di energia termica utile per riscaldamento | E21: Sui,cli,3 | F21: ='Spese e costi unitari'!$F$16*'Consumo e spesa'!F9 -> 137.40246 | G21: €
A22: Calcolo della spesa per il consumo di energia termica utile per ACS | E22: Sui,acs,3 | F22: ='Spese e costi unitari'!$F$17*'Consumo e spesa'!F10 -> 66.037034 | G22: €
A23: Calcolo della spesa per potenza termica installata per Riscaldamento | E23: Sp,cli,3 | F23: ='Consumo e spesa'!$O$21*('Letture-mill. u.i.'!F69/1000) -> 343.95814 | G23: €
A24: Calcolo della spesa per potenza termica installata per ACS | E24: Sp,acs,3 | F24: ='Consumo e spesa'!$O$23*('Letture-mill. u.i.'!F70/1000) -> 50.211392 | G24: €
A25: Calcolo della spesa totale per Riscaldamento | E25: Scli,3 | F25: =F21+F23 -> 481.36059 | G25: €
A26: Calcolo della spesa totale per ACS | E26: Sacs,3 | F26: =F22+F24 -> 116.24843 | G26: €
A27: Calcolo della spesa totale per unità | E27: St,3 | F27: =F25+F26 -> 597.60902 | G27: €
A29: Unità 4
A30: Calcolo della spesa per il consumo di energia termica utile per riscaldamento | E30: Sui,cli,4 | F30: ='Spese e costi unitari'!$F$16*'Consumo e spesa'!F12 -> 178.08029 | G30: €
A31: Calcolo della spesa per il consumo di energia termica utile per ACS | E31: Sui,acs,4 | F31: ='Spese e costi unitari'!$F$17*'Consumo e spesa'!F13 -> 125.47036 | G31: €
A32: Calcolo della spesa per potenza termica installata per Riscaldamento | E32: Sp,cli,4 | F32: ='Consumo e spesa'!$O$21*('Letture-mill. u.i.'!F95/1000) -> 324.82009 | G32: €
A33: Calcolo della spesa per potenza termica installata per ACS | E33: Sp,acs,4 | F33: ='Consumo e spesa'!$O$23*('Letture-mill. u.i.'!F96/1000) -> 50.329148 | G33: €
A34: Calcolo della spesa totale per Riscaldamento | E34: Scli,4 | F34: =F30+F32 -> 502.90038 | G34: €
A35: Calcolo della spesa totale per ACS | E35: Sacs,4 | F35: =F31+F33 -> 175.79951 | G35: €
A36: Calcolo della spesa totale per unità | E36: St,4 | F36: =F34+F35 -> 678.69989 | G36: €
A38: Unità 5
A39: Calcolo della spesa per il consumo di energia termica utile per riscaldamento | E39: Sui,cli,5 | F39: ='Spese e costi unitari'!$F$16*'Consumo e spesa'!F15 -> 263.38797 | G39: €
A40: Calcolo della spesa per il consumo di energia termica utile per ACS | E40: Sui,acs,5 | F40: ='Spese e costi unitari'!$F$17*'Consumo e spesa'!F16 -> 107.86049 | G40: €
A41: Calcolo della spesa per potenza termica installata per Riscaldamento | E41: Sp,cli,5 | F41: ='Consumo e spesa'!$O$21*('Letture-mill. u.i.'!F119/1000) -> 299.71237 | G41: €
A42: Calcolo della spesa per potenza termica installata per ACS | E42: Sp,acs,5 | F42: ='Consumo e spesa'!$O$23*('Letture-mill. u.i.'!F120/1000) -> 50.399802 | G42: €
A43: Calcolo della spesa totale per Riscaldamento | E43: Scli,5 | F43: =F39+F41 -> 563.10035 | G43: €
A44: Calcolo della spesa totale per ACS | E44: Sacs,5 | F44: =F40+F42 -> 158.26029 | G44: €
A45: Calcolo della spesa totale per unità | E45: St,5 | F45: =F43+F44 -> 721.36064 | G45: €
A47: Unità 6
A48: Calcolo della spesa per il consumo di energia termica utile per riscaldamento | E48: Sui,cli,6 | F48: ='Spese e costi unitari'!$F$16*'Consumo e spesa'!F18 -> 209.93594 | G48: €
A49: Calcolo della spesa per il consumo di energia termica utile per ACS | E49: Sui,acs,6 | F49: ='Spese e costi unitari'!$F$17*'Consumo e spesa'!F19 -> 107.86049 | G49: €
A50: Calcolo della spesa per potenza termica installata per Riscaldamento | E50: Sp,cli,6 | F50: ='Consumo e spesa'!$O$21*('Letture-mill. u.i.'!F141/1000) -> 406.81522 | G50: €
A51: Calcolo della spesa per potenza termica installata per ACS | E51: Sp,acs,6 | F51: ='Consumo e spesa'!$O$23*('Letture-mill. u.i.'!F142/1000) -> 60.927237 | G51: €
A52: Calcolo della spesa totale per Riscaldamento | E52: Scli,6 | F52: =F48+F50 -> 616.75116 | G52: €
A53: Calcolo della spesa totale per ACS | E53: Sacs,6 | F53: =F49+F51 -> 168.78773 | G53: €
A54: Calcolo della spesa totale per unità | E54: St,6 | F54: =F52+F53 -> 785.53888 | G54: €
A56: Unità 7
A57: Calcolo della spesa per il consumo di energia termica utile per riscaldamento | E57: Sui,cli,7 | F57: ='Spese e costi unitari'!$F$16*'Consumo e spesa'!F21 -> 41.51614 | G57: €
A58: Calcolo della spesa per il consumo di energia termica utile per ACS | E58: Sui,acs,7 | F58: ='Spese e costi unitari'!$F$17*'Consumo e spesa'!F22 -> 0 | G58: €
A59: Calcolo della spesa per potenza termica installata per Riscaldamento | E59: Sp,cli,7 | F59: ='Consumo e spesa'!$O$21*('Letture-mill. u.i.'!F163/1000) -> 356.59978 | G59: €
A60: Calcolo della spesa per potenza termica installata per ACS | E60: Sp,acs,7 | F60: ='Consumo e spesa'!$O$23*('Letture-mill. u.i.'!F164/1000) -> 4.8515697 | G60: €
A61: Calcolo della spesa totale per Riscaldamento | E61: Scli,7 | F61: =F57+F59 -> 398.11592 | G61: €
A62: Calcolo della spesa totale per ACS | E62: Sacs,7 | F62: =F58+F60 -> 4.8515697 | G62: €
A63: Calcolo della spesa totale per unità | E63: St,7 | F63: =F61+F62 -> 402.96749 | G63: €
A65: Unità 8
A66: Calcolo della spesa per il consumo di energia termica utile per riscaldamento | E66: Sui,cli,8 | F66: ='Spese e costi unitari'!$F$16*'Consumo e spesa'!F24 -> 123.0714 | G66: €
A67: Calcolo della spesa per il consumo di energia termica utile per ACS | E67: Sui,acs,8 | F67: ='Spese e costi unitari'!$F$17*'Consumo e spesa'!F25 -> 90.250613 | G67: €
A68: Calcolo della spesa per potenza termica installata per Riscaldamento | E68: Sp,cli,8 | F68: ='Consumo e spesa'!$O$21*('Letture-mill. u.i.'!F191/1000) -> 294.97176 | G68: €
A69: Calcolo della spesa per potenza termica installata per ACS | E69: Sp,acs,8 | F69: ='Consumo e spesa'!$O$23*('Letture-mill. u.i.'!F192/1000) -> 50.18784 | G69: €
A70: Calcolo della spesa totale per Riscaldamento | E70: Scli,8 | F70: =F66+F68 -> 418.04316 | G70: €
A71: Calcolo della spesa totale per ACS | E71: Sacs,8 | F71: =F67+F69 -> 140.43845 | G71: €
A72: Calcolo della spesa totale per unità | E72: St,8 | F72: =F70+F71 -> 558.48161 | G72: €
A74: Unità 9
A75: Calcolo della spesa per il consumo di energia termica utile per riscaldamento | E75: Sui,cli,9 | F75: ='Spese e costi unitari'!$F$16*'Consumo e spesa'!F27 -> 272.9287 | G75: €
A76: Calcolo della spesa per il consumo di energia termica utile per ACS | E76: Sui,acs,9 | F76: ='Spese e costi unitari'!$F$17*'Consumo e spesa'!F28 -> 123.26913 | G76: €
A77: Calcolo della spesa per potenza termica installata per Riscaldamento | E77: Sp,cli,9 | F77: ='Consumo e spesa'!$O$21*('Letture-mill. u.i.'!F213/1000) -> 506.89492 | G77: €
A78: Calcolo della spesa per potenza termica installata per ACS | E78: Sp,acs,9 | F78: ='Consumo e spesa'!$O$23*('Letture-mill. u.i.'!F214/1000) -> 59.396402 | G78: €
A79: Calcolo della spesa totale per Riscaldamento | E79: Scli,9 | F79: =F75+F77 -> 779.82362 | G79: €
A80: Calcolo della spesa totale per ACS | E80: Sacs,9 | F80: =F76+F78 -> 182.66553 | G80: €
A81: Calcolo della spesa totale per unità | E81: St,9 | F81: =F79+F80 -> 962.48915 | G81: €
A83: Unità 10
A84: Calcolo della spesa per il consumo di energia termica utile per riscaldamento | E84: Sui,cli,10 | F84: ='Spese e costi unitari'!$F$16*'Consumo e spesa'!F30 -> 464.4219 | G84: €
A85: Calcolo della spesa per il consumo di energia termica utile per ACS | E85: Sui,acs,10 | F85: ='Spese e costi unitari'!$F$17*'Consumo e spesa'!F31 -> 28.616048 | G85: €
A86: Calcolo della spesa per potenza termica installata per Riscaldamento | E86: Sp,cli,10 | F86: ='Consumo e spesa'!$O$21*('Letture-mill. u.i.'!F237/1000) -> 357.82883 | G86: €
A87: Calcolo della spesa per potenza termica installata per ACS | E87: Sp,acs,10 | F87: ='Consumo e spesa'!$O$23*('Letture-mill. u.i.'!F238/1000) -> 60.291352 | G87: €
A88: Calcolo della spesa totale per Riscaldamento | E88: Scli,10 | F88: =F84+F86 -> 822.25073 | G88: €
A89: Calcolo della spesa totale per ACS | E89: Sacs,10 | F89: =F85+F87 -> 88.9074 | G89: €
A90: Calcolo della spesa totale per unità | E90: St,10 | F90: =F88+F89 -> 911.15813 | G90: €
A92: Unità 11 | L92: Valori da inserire
A93: Calcolo della spesa per il consumo di energia termica utile per riscaldamento | E93: Sui,cli,10 | F93: ='Spese e costi unitari'!$F$16*'Consumo e spesa'!F33 -> 1075.0684 | G93: € | L93: Valori da calcolo UNI
A94: Calcolo della spesa per il consumo di energia termica utile per ACS | E94: Sui,acs,10 | F94: ='Spese e costi unitari'!$F$17*'Consumo e spesa'!F34 -> 162.89135 | G94: €
A95: Calcolo della spesa per potenza termica installata per Riscaldamento | E95: Sp,cli,10 | F95: ='Consumo e spesa'!$O$21*('Ripart. u.i.'!N14/1000) -> 297.78101 | G95: €
A96: Calcolo della spesa per potenza termica installata per ACS | E96: Sp,acs,10 | F96: ='Consumo e spesa'!$O$23*('Ripart. u.i.'!O14/1000) -> 50.258494 | G96: €
A97: Calcolo della spesa totale per Riscaldamento | E97: Scli,10 | F97: =F93+F95 -> 1372.8494 | G97: €
A98: Calcolo della spesa totale per ACS | E98: Sacs,10 | F98: =F94+F96 -> 213.14984 | G98: €
A99: Calcolo della spesa totale per unità | E99: St,10 | F99: =F97+F98 -> 1585.9993 | G99: €

Sheet Foglio2
A2: Condomino | B2: Rilevatori | C2: Millesimi | D2: Millesimi ACS | E2: Consumi (kWh) | F2: Consumi ACS (kWh) | G2: Letture | H2: Letture ACS | I2: Totale Riscaldamento | J2: Totale ACS | K2: Totale
A3: alberizzi / piccirilli | B3: 7 | C3: 24.02 | D3: 25.78 | E3: ='Consumo e spesa'!F3 -> 1717.9043 | F3: ='Consumo e spesa'!F4 -> 1380.456 | G3: 5168 | H3: 36 | I3: =('Spese e costi unitari'!$F$16*'Consumo e spesa'!F3)+('Consumo e spesa'!$O$21*('Ripart. u.i.'!N4/1000)) -> 628.04266 | J3: =('Spese e costi unitari'!$F$17*'Consumo e spesa'!F4)+('Consumo e spesa'!$O$23*('Ripart. u.i.'!O4/1000)) -> 139.95972 | K3: =I3+J3 -> 768.00238
A4: ALBERIZZI/PISANI- Inq. APONE CLAUDIO | B4: 6 | C4: 16.67 | D4: 21.4 | E4: ='Consumo e spesa'!F6 -> 3209.1037 | F4: ='Consumo e spesa'!F7 -> 881.958 | G4: 9654 | H4: 23 | I4: =('Spese e costi unitari'!$F$16*'Consumo e spesa'!F6)+('Consumo e spesa'!$O$21*('Ripart. u.i.'!N5/1000)) -> 678.07079 | J4: =('Spese e costi unitari'!$F$17*'Consumo e spesa'!F7)+('Consumo e spesa'!$O$23*('Ripart. u.i.'!O5/1000)) -> 101.02819 | K4: =I4+J4 -> 779.09899
A5: APONE GIULIO | B5: 6 | C5: 19.59 | D5: 21.32 | E5: ='Consumo e spesa'!F9 -> 1144.1615 | F5: ='Consumo e spesa'!F10 -> 1150.38 | G5: 3442 | H5: 30 | I5: =('Spese e costi unitari'!$F$16*'Consumo e spesa'!F9)+('Consumo e spesa'!$O$21*('Ripart. u.i.'!N6/1000)) -> 481.36059 | J5: =('Spese e costi unitari'!$F$17*'Consumo e spesa'!F10)+('Consumo e spesa'!$O$23*('Ripart. u.i.'!O6/1000)) -> 116.24843 | K5: =I5+J5 -> 597.60902
A6: BADINI | B6: 6 | C6: 18.5 | D6: 21.37 | E6: ='Consumo e spesa'!F12 -> 1482.8891 | F6: ='Consumo e spesa'!F13 -> 2185.722 | G6: 4461 | H6: 57 | I6: =('Spese e costi unitari'!$F$16*'Consumo e spesa'!F12)+('Consumo e spesa'!$O$21*('Ripart. u.i.'!N7/1000)) -> 502.90038 | J6: =('Spese e costi unitari'!$F$17*'Consumo e spesa'!F13)+('Consumo e spesa'!$O$23*('Ripart. u.i.'!O7/1000)) -> 175.79951 | K6: =I6+J6 -> 678.69989
A7: BARBIERI | B7: 6 | C7: 17.07 | D7: 21.4 | E7: ='Consumo e spesa'!F15 -> 2193.2532 | F7: ='Consumo e spesa'!F16 -> 1878.954 | G7: 6598 | H7: 49 | I7: =('Spese e costi unitari'!$F$16*'Consumo e spesa'!F15)+('Consumo e spesa'!$O$21*('Ripart. u.i.'!N8/1000)) -> 563.10035 | J7: =('Spese e costi unitari'!$F$17*'Consumo e spesa'!F16)+('Consumo e spesa'!$O$23*('Ripart. u.i.'!O8/1000)) -> 158.26029 | K7: =I7+J7 -> 721.36064
A8: BATTISTOTTI / LANDI | B8: 7 | C8: 23.17 | D8: 25.87 | E8: ='Consumo e spesa'!F18 -> 1748.1538 | F8: ='Consumo e spesa'!F19 -> 1878.954 | G8: 5259 | H8: 49 | I8: =('Spese e costi unitari'!$F$16*'Consumo e spesa'!F18)+('Consumo e spesa'!$O$21*('Ripart. u.i.'!N9/1000)) -> 616.75116 | J8: =('Spese e costi unitari'!$F$17*'Consumo e spesa'!F19)+('Consumo e spesa'!$O$23*('Ripart. u.i.'!O9/1000)) -> 168.78773 | K8: =I8+J8 -> 785.53888
A9: BELLOMI viviana | B9: 5 | C9: 20.31 | D9: 2.06 | E9: ='Consumo e spesa'!F21 -> 345.7083 | F9: ='Consumo e spesa'!F22 -> 0 | G9: 1040 | H9: 0 | I9: =('Spese e costi unitari'!$F$16*'Consumo e spesa'!F21)+('Consumo e spesa'!$O$21*('Ripart. u.i.'!N10/1000)) -> 398.11592 | J9: =('Spese e costi unitari'!$F$17*'Consumo e spesa'!F22)+('Consumo e spesa'!$O$23*('Ripart. u.i.'!O10/1000)) -> 4.8515697 | K9: =I9+J9 -> 402.96749
A10: BERTUCCA IVAN | B10: 6 | C10: 16.8 | D10: 21.31 | E10: ='Consumo e spesa'!F24 -> 1024.8257 | F10: ='Consumo e spesa'!F25 -> 1572.186 | G10: 3083 | H10: 41 | I10: =('Spese e costi unitari'!$F$16*'Consumo e spesa'!F24)+('Consumo e spesa'!$O$21*('Ripart. u.i.'!N11/1000)) -> 418.04316 | J10: =('Spese e costi unitari'!$F$17*'Consumo e spesa'!F25)+('Consumo e spesa'!$O$23*('Ripart. u.i.'!O11/1000)) -> 140.43845 | K10: =I10+J10 -> 558.48161
A11: BLEJUT STEFAN | B11: 7 | C11: 28.87 | D11: 25.22 | E11: ='Consumo e spesa'!F27 -> 2272.6996 | F11: ='Consumo e spesa'!F28 -> 2147.376 | G11: 6837 | H11: 56 | I11: =('Spese e costi unitari'!$F$16*'Consumo e spesa'!F27)+('Consumo e spesa'!$O$21*('Ripart. u.i.'!N12/1000)) -> 779.82362 | J11: =('Spese e costi unitari'!$F$17*'Consumo e spesa'!F28)+('Consumo e spesa'!$O$23*('Ripart. u.i.'!O12/1000)) -> 182.66553 | K11: =I11+J11 -> 962.48915
A12: BOLLANI angelina | B12: 7 | C12: 20.38 | D12: 25.6 | E12: ='Consumo e spesa'!F30 -> 3867.2791 | F12: ='Consumo e spesa'!F31 -> 498.498 | G12: 11634 | H12: 13 | I12: =('Spese e costi unitari'!$F$16*'Consumo e spesa'!F30)+('Consumo e spesa'!$O$21*('Ripart. u.i.'!N13/1000)) -> 822.25073 | J12: =('Spese e costi unitari'!$F$17*'Consumo e spesa'!F31)+('Consumo e spesa'!$O$23*('Ripart. u.i.'!O13/1000)) -> 88.9074 | K12: =I12+J12 -> 911.15813
A13: CARENZIO - Inq.PAJERO | B13: 6 | C13: 16.96 | D13: 21.34 | E13: ='Consumo e spesa'!F33 -> 8952.1828 | F13: ='Consumo e spesa'!F34 -> 2837.604 | G13: 26931 | H13: 74 | I13: =('Spese e costi unitari'!$F$16*'Consumo e spesa'!F33)+('Consumo e spesa'!$O$21*('Ripart. u.i.'!N14/1000)) -> 1372.8494 | J13: =('Spese e costi unitari'!$F$17*'Consumo e spesa'!F34)+('Consumo e spesa'!$O$23*('Ripart. u.i.'!O14/1000)) -> 213.14984 | K13: =I13+J13 -> 1585.9993
A14: CASSE'' INQ. PEZZINI | B14: 7 | C14: 18.86 | D14: 25.83 | E14: ='Consumo e spesa'!F36 -> 1019.8395 | F14: ='Consumo e spesa'!F37 -> 1035.342 | G14: 3068 | H14: 27 | I14: =('Spese e costi unitari'!$F$16*'Consumo e spesa'!F36)+('Consumo e spesa'!$O$21*('Ripart. u.i.'!N15/1000)) -> 453.61353 | J14: =('Spese e costi unitari'!$F$17*'Consumo e spesa'!F37)+('Consumo e spesa'!$O$23*('Ripart. u.i.'!O15/1000)) -> 120.26636 | K14: =I14+J14 -> 573.87989
A15: CASSE natalia | B15: 6 | C15: 22.27 | D15: 21.31 | E15: ='Consumo e spesa'!F39 -> 718.67436 | F15: ='Consumo e spesa'!F40 -> 115.038 | G15: 2162 | H15: 3 | I15: =('Spese e costi unitari'!$F$16*'Consumo e spesa'!F39)+('Consumo e spesa'!$O$21*('Ripart. u.i.'!N16/1000)) -> 477.31882 | J15: =('Spese e costi unitari'!$F$17*'Consumo e spesa'!F40)+('Consumo e spesa'!$O$23*('Ripart. u.i.'!O16/1000)) -> 56.791544 | K15: =I15+J15 -> 534.11037
A16: CAVALLOTTI / rizzi | B16: 7 | C16: 20.97 | D16: 25.57 | E16: ='Consumo e spesa'!F42 -> 5664.9623 | F16: ='Consumo e spesa'!F43 -> 3681.216 | G16: 17042 | H16: 96 | I16: =('Spese e costi unitari'!$F$16*'Consumo e spesa'!F42)+('Consumo e spesa'!$O$21*('Ripart. u.i.'!N17/1000)) -> 1048.4938 | J16: =('Spese e costi unitari'!$F$17*'Consumo e spesa'!F43)+('Consumo e spesa'!$O$23*('Ripart. u.i.'!O17/1000)) -> 271.53921 | K16: =I16+J16 -> 1320.033
A17: CAYA | B17: 6 | C17: 21.4 | D17: 21.39 | E17: ='Consumo e spesa'!F45 -> 2304.2788 | F17: ='Consumo e spesa'!F46 -> 1840.608 | G17: 6932 | H17: 48 | I17: =('Spese e costi unitari'!$F$16*'Consumo e spesa'!F45)+('Consumo e spesa'!$O$21*('Ripart. u.i.'!N18/1000)) -> 652.45887 | J17: =('Spese e costi unitari'!$F$17*'Consumo e spesa'!F46)+('Consumo e spesa'!$O$23*('Ripart. u.i.'!O18/1000)) -> 156.03551 | K17: =I17+J17 -> 808.49438
A18: CEVARZERE | B18: 6 | C18: 18.46 | D18: 21.56 | E18: ='Consumo e spesa'!F48 -> 3993.5956 | F18: ='Consumo e spesa'!F49 -> 2607.528 | G18: 12014 | H18: 68 | I18: =('Spese e costi unitari'!$F$16*'Consumo e spesa'!F48)+('Consumo e spesa'!$O$21*('Ripart. u.i.'!N19/1000)) -> 803.70903 | J18: =('Spese e costi unitari'!$F$17*'Consumo e spesa'!F49)+('Consumo e spesa'!$O$23*('Ripart. u.i.'!O19/1000)) -> 200.46057 | K18: =I18+J18 -> 1004.1696
A19: civardi | B19: 7 | C19: 20.91 | D19: 25.25 | E19: ='Consumo e spesa'!F51 -> 352.02412 | F19: ='Consumo e spesa'!F52 -> 0 | G19: 1059 | H19: 0 | I19: =('Spese e costi unitari'!$F$16*'Consumo e spesa'!F51)+('Consumo e spesa'!$O$21*('Ripart. u.i.'!N20/1000)) -> 409.4091 | J19: =('Spese e costi unitari'!$F$17*'Consumo e spesa'!F52)+('Consumo e spesa'!$O$23*('Ripart. u.i.'!O20/1000)) -> 59.467056 | K19: =I19+J19 -> 468.87615
A20: CRISTIANI SERGIO Inq.MARZO | B20: 6 | C20: 21.21 | D20: 21.39 | E20: ='Consumo e spesa'!F54 -> 1026.8201 | F20: ='Consumo e spesa'!F55 -> 383.46 | G20: 3089 | H20: 10 | I20: =('Spese e costi unitari'!$F$16*'Consumo e spesa'!F54)+('Consumo e spesa'!$O$21*('Ripart. u.i.'!N21/1000)) -> 495.71276 | J20: =('Spese e costi unitari'!$F$17*'Consumo e spesa'!F55)+('Consumo e spesa'!$O$23*('Ripart. u.i.'!O21/1000)) -> 72.388595 | K20: =I20+J20 -> 568.10136
A21: D''ACUTO ANTONIO | B21: 7 | C21: 22.71 | D21: 25.26 | E21: ='Consumo e spesa'!F57 -> 2636.6906 | F21: ='Consumo e spesa'!F58 -> 2032.338 | G21: 7932 | H21: 53 | I21: =('Spese e costi unitari'!$F$16*'Consumo e spesa'!F57)+('Consumo e spesa'!$O$21*('Ripart. u.i.'!N22/1000)) -> 715.37901 | J21: =('Spese e costi unitari'!$F$17*'Consumo e spesa'!F58)+('Consumo e spesa'!$O$23*('Ripart. u.i.'!O22/1000)) -> 176.15603 | K21: =I21+J21 -> 891.53505
A22: DEL PRETE FRANCESCO | B22: 5 | C22: 21.2 | D22: 2.04 | E22: ='Consumo e spesa'!F60 -> 1735.8545 | F22: ='Consumo e spesa'!F61 -> 0 | G22: 5222 | H22: 0 | I22: =('Spese e costi unitari'!$F$16*'Consumo e spesa'!F60)+('Consumo e spesa'!$O$21*('Ripart. u.i.'!N23/1000)) -> 580.68519 | J22: =('Spese e costi unitari'!$F$17*'Consumo e spesa'!F61)+('Consumo e spesa'!$O$23*('Ripart. u.i.'!O23/1000)) -> 4.8044671 | K22: =I22+J22 -> 585.48966
A23: FERRARI | B23: 6 | C23: 17.26 | D23: 21.36 | E23: ='Consumo e spesa'!F63 -> 993.57894 | F23: ='Consumo e spesa'!F64 -> 38.346 | G23: 2989 | H23: 1 | I23: =('Spese e costi unitari'!$F$16*'Consumo e spesa'!F63)+('Consumo e spesa'!$O$21*('Ripart. u.i.'!N24/1000)) -> 422.36735 | J23: =('Spese e costi unitari'!$F$17*'Consumo e spesa'!F64)+('Consumo e spesa'!$O$23*('Ripart. u.i.'!O24/1000)) -> 52.506831 | K23: =I23+J23 -> 474.87418
A24: GALLI DONATELLA | B24: 5 | C24: 18.85 | D24: 21.56 | E24: ='Consumo e spesa'!F66 -> 750.91831 | F24: ='Consumo e spesa'!F67 -> 76.692 | G24: 2259 | H24: 2 | I24: =('Spese e costi unitari'!$F$16*'Consumo e spesa'!F66)+('Consumo e spesa'!$O$21*('Ripart. u.i.'!N25/1000)) -> 421.14318 | J24: =('Spese e costi unitari'!$F$17*'Consumo e spesa'!F67)+('Consumo e spesa'!$O$23*('Ripart. u.i.'!O25/1000)) -> 55.179092 | K24: =I24+J24 -> 476.32227
A25: MAGLIONA CATERINA | B25: 7 | C25: 19.04 | D25: 25.7 | E25: ='Consumo e spesa'!F69 -> 3103.0644 | F25: ='Consumo e spesa'!F70 -> 3681.216 | G25: 9335 | H25: 96 | I25: =('Spese e costi unitari'!$F$16*'Consumo e spesa'!F69)+('Consumo e spesa'!$O$21*('Ripart. u.i.'!N26/1000)) -> 706.9486 | J25: =('Spese e costi unitari'!$F$17*'Consumo e spesa'!F70)+('Consumo e spesa'!$O$23*('Ripart. u.i.'!O26/1000)) -> 271.84537 | K25: =I25+J25 -> 978.79397
A26: MARCONI anna | B26: 6 | C26: 18.04 | D26: 21.72 | E26: ='Consumo e spesa'!F72 -> 1873.1406 | F26: ='Consumo e spesa'!F73 -> 421.806 | G26: 5635 | H26: 11 | I26: =('Spese e costi unitari'!$F$16*'Consumo e spesa'!F72)+('Consumo e spesa'!$O$21*('Ripart. u.i.'!N27/1000)) -> 541.68911 | J26: =('Spese e costi unitari'!$F$17*'Consumo e spesa'!F73)+('Consumo e spesa'!$O$23*('Ripart. u.i.'!O27/1000)) -> 75.367023 | K26: =I26+J26 -> 617.05613
A27: MASCHERPA / fiorino - Inq.PROVELLI | B27: 6 | C27: 18.96 | D27: 21.45 | E27: ='Consumo e spesa'!F75 -> 6583.4162 | F27: ='Consumo e spesa'!F76 -> 2300.76 | G27: 19805 | H27: 60 | I27: =('Spese e costi unitari'!$F$16*'Consumo e spesa'!F75)+('Consumo e spesa'!$O$21*('Ripart. u.i.'!N28/1000)) -> 1123.4997 | J27: =('Spese e costi unitari'!$F$17*'Consumo e spesa'!F76)+('Consumo e spesa'!$O$23*('Ripart. u.i.'!O28/1000)) -> 182.59163 | K27: =I27+J27 -> 1306.0914
A28: MORISETTI | B28: 7 | C28: 19.43 | D28: 25.32 | E28: ='Consumo e spesa'!F78 -> 2711.4832 | F28: ='Consumo e spesa'!F79 -> 728.574 | G28: 8157 | H28: 19 | I28: =('Spese e costi unitari'!$F$16*'Consumo e spesa'!F78)+('Consumo e spesa'!$O$21*('Ripart. u.i.'!N29/1000)) -> 666.77115 | J28: =('Spese e costi unitari'!$F$17*'Consumo e spesa'!F79)+('Consumo e spesa'!$O$23*('Ripart. u.i.'!O29/1000)) -> 101.45537 | K28: =I28+J28 -> 768.22652
A29: naratone san pietro | B29: 6 | C29: 19.97 | D29: 21.56 | E29: ='Consumo e spesa'!F81 -> 2743.7272 | F29: ='Consumo e spesa'!F82 -> 345.114 | G29: 8254 | H29: 9 | I29: =('Spese e costi unitari'!$F$16*'Consumo e spesa'!F81)+('Consumo e spesa'!$O$21*('Ripart. u.i.'!N30/1000)) -> 680.12456 | J29: =('Spese e costi unitari'!$F$17*'Consumo e spesa'!F82)+('Consumo e spesa'!$O$23*('Ripart. u.i.'!O30/1000)) -> 70.587733 | K29: =I29+J29 -> 750.71229
A30: PAINELLI/CAPSONI | B30: 6 | C30: 16.62 | D30: 21.45 | E30: ='Consumo e spesa'!F84 -> 2302.2843 | F30: ='Consumo e spesa'!F85 -> 3067.68 | G30: 6926 | H30: 80 | I30: =('Spese e costi unitari'!$F$16*'Consumo e spesa'!F84)+('Consumo e spesa'!$O$21*('Ripart. u.i.'!N31/1000)) -> 568.29287 | J30: =('Spese e costi unitari'!$F$17*'Consumo e spesa'!F85)+('Consumo e spesa'!$O$23*('Ripart. u.i.'!O31/1000)) -> 226.61632 | K30: =I30+J30 -> 794.90919
A31: paladini | B31: 7 | C31: 23.22 | D31: 25.83 | E31: ='Consumo e spesa'!F87 -> 6318.1515 | F31: ='Consumo e spesa'!F88 -> 575.19 | G31: 19007 | H31: 15 | I31: =('Spese e costi unitari'!$F$16*'Consumo e spesa'!F87)+('Consumo e spesa'!$O$21*('Ripart. u.i.'!N32/1000)) -> 1166.4405 | J31: =('Spese e costi unitari'!$F$17*'Consumo e spesa'!F88)+('Consumo e spesa'!$O$23*('Ripart. u.i.'!O32/1000)) -> 93.851549 | K31: =I31+J31 -> 1260.292
A32: PANIGAZZI / lodola | B32: 7 | C32: 28.53 | D32: 23.43 | E32: ='Consumo e spesa'!F90 -> 1496.518 | F32: ='Consumo e spesa'!F91 -> 230.076 | G32: 4502 | H32: 6 | I32: =('Spese e costi unitari'!$F$16*'Consumo e spesa'!F90)+('Consumo e spesa'!$O$21*('Ripart. u.i.'!N33/1000)) -> 680.64223 | J32: =('Spese e costi unitari'!$F$17*'Consumo e spesa'!F91)+('Consumo e spesa'!$O$23*('Ripart. u.i.'!O33/1000)) -> 68.388125 | K32: =I32+J32 -> 749.03036
A33: PISOTTI | B33: 6 | C33: 23.86 | D33: 22.09 | E33: ='Consumo e spesa'!F93 -> 5587.1779 | F33: ='Consumo e spesa'!F94 -> 3911.292 | G33: 16808 | H33: 102 | I33: =('Spese e costi unitari'!$F$16*'Consumo e spesa'!F93)+('Consumo e spesa'!$O$21*('Ripart. u.i.'!N34/1000)) -> 1089.8948 | J33: =('Spese e costi unitari'!$F$17*'Consumo e spesa'!F94)+('Consumo e spesa'!$O$23*('Ripart. u.i.'!O34/1000)) -> 276.55076 | K33: =I33+J33 -> 1366.4456
A34: RIBONI | B34: 6 | C34: 23.15 | D34: 20.68 | E34: ='Consumo e spesa'!F96 -> 885.87751 | F34: ='Consumo e spesa'!F97 -> 0 | G34: 2665 | H34: 0 | I34: =('Spese e costi unitari'!$F$16*'Consumo e spesa'!F96)+('Consumo e spesa'!$O$21*('Ripart. u.i.'!N35/1000)) -> 512.84917 | J34: =('Spese e costi unitari'!$F$17*'Consumo e spesa'!F97)+('Consumo e spesa'!$O$23*('Ripart. u.i.'!O35/1000)) -> 48.704108 | K34: =I34+J34 -> 561.55327
A35: rossanigo inq. GUTIERREZ | B35: 7 | C35: 29.88 | D35: 25.16 | E35: ='Consumo e spesa'!F99 -> 5024.7371 | F35: ='Consumo e spesa'!F100 -> 4294.752 | G35: 15116 | H35: 112 | I35: =('Spese e costi unitari'!$F$16*'Consumo e spesa'!F99)+('Consumo e spesa'!$O$21*('Ripart. u.i.'!N36/1000)) -> 1128.0495 | J35: =('Spese e costi unitari'!$F$17*'Consumo e spesa'!F100)+('Consumo e spesa'!$O$23*('Ripart. u.i.'!O36/1000)) -> 305.79335 | K35: =I35+J35 -> 1433.8428
A36: ROVEDA / de santolo | B36: 6 | C36: 17.48 | D36: 21.63 | E36: ='Consumo e spesa'!F102 -> 4237.9183 | F36: ='Consumo e spesa'!F103 -> 2032.338 | G36: 12749 | H36: 53 | I36: =('Spese e costi unitari'!$F$16*'Consumo e spesa'!F102)+('Consumo e spesa'!$O$21*('Ripart. u.i.'!N37/1000)) -> 815.84308 | J36: =('Spese e costi unitari'!$F$17*'Consumo e spesa'!F103)+('Consumo e spesa'!$O$23*('Ripart. u.i.'!O37/1000)) -> 167.60691 | K36: =I36+J36 -> 983.44999
A37: SACCHI | B37: 7 | C37: 21.21 | D37: 25.29 | E37: ='Consumo e spesa'!F105 -> 5238.4779 | F37: ='Consumo e spesa'!F106 -> 805.266 | G37: 15759 | H37: 21 | I37: =('Spese e costi unitari'!$F$16*'Consumo e spesa'!F105)+('Consumo e spesa'!$O$21*('Ripart. u.i.'!N38/1000)) -> 1001.4911 | J37: =('Spese e costi unitari'!$F$17*'Consumo e spesa'!F106)+('Consumo e spesa'!$O$23*('Ripart. u.i.'!O38/1000)) -> 105.78719 | K37: =I37+J37 -> 1107.2783
A38: SALERNO | B38: 7 | C38: 18.83 | D38: 26.05 | E38: ='Consumo e spesa'!F108 -> 423.82507 | F38: ='Consumo e spesa'!F109 -> 1112.034 | G38: 1275 | H38: 29 | I38: =('Spese e costi unitari'!$F$16*'Consumo e spesa'!F108)+('Consumo e spesa'!$O$21*('Ripart. u.i.'!N39/1000)) -> 381.51137 | J38: =('Spese e costi unitari'!$F$17*'Consumo e spesa'!F109)+('Consumo e spesa'!$O$23*('Ripart. u.i.'!O39/1000)) -> 125.18696 | K38: =I38+J38 -> 506.69833
A39: SESTITO | B39: 7 | C39: 20.36 | D39: 25.29 | E39: ='Consumo e spesa'!F111 -> 2763.0071 | F39: ='Consumo e spesa'!F112 -> 1802.262 | G39: 8312 | H39: 47 | I39: =('Spese e costi unitari'!$F$16*'Consumo e spesa'!F111)+('Consumo e spesa'!$O$21*('Ripart. u.i.'!N40/1000)) -> 689.28744 | J39: =('Spese e costi unitari'!$F$17*'Consumo e spesa'!F112)+('Consumo e spesa'!$O$23*('Ripart. u.i.'!O40/1000)) -> 163.01928 | K39: =I39+J39 -> 852.30672
A40: SPAIRANI | B40: 5 | C40: 22.58 | D40: 21.21 | E40: ='Consumo e spesa'!F114 -> 1674.3584 | F40: ='Consumo e spesa'!F115 -> 1418.802 | G40: 5037 | H40: 37 | I40: =('Spese e costi unitari'!$F$16*'Consumo e spesa'!F114)+('Consumo e spesa'!$O$21*('Ripart. u.i.'!N41/1000)) -> 597.52993 | J40: =('Spese e costi unitari'!$F$17*'Consumo e spesa'!F115)+('Consumo e spesa'!$O$23*('Ripart. u.i.'!O41/1000)) -> 131.398 | K40: =I40+J40 -> 728.92793
A41: SUPER MARKET | B41: 1 | C41: 89.69 | D41: 11.14 | E41: ='Consumo e spesa'!F117 -> 0 | F41: ='Consumo e spesa'!F118 -> 0 | G41: 0 | H41: 0 | I41: =('Spese e costi unitari'!$F$16*'Consumo e spesa'!F117)+('Consumo e spesa'!$O$21*('Ripart. u.i.'!N42/1000)) -> 1574.7629 | J41: =('Spese e costi unitari'!$F$17*'Consumo e spesa'!F118)+('Consumo e spesa'!$O$23*('Ripart. u.i.'!O42/1000)) -> 26.236159 | K41: =I41+J41 -> 1600.9991
A42: TOGNOLI | B42: 7 | C42: 22.64 | D42: 25.75 | E42: ='Consumo e spesa'!F120 -> 1819.9547 | F42: ='Consumo e spesa'!F121 -> 306.768 | G42: 5475 | H42: 8 | I42: =('Spese e costi unitari'!$F$16*'Consumo e spesa'!F120)+('Consumo e spesa'!$O$21*('Ripart. u.i.'!N43/1000)) -> 616.06808 | J42: =('Spese e costi unitari'!$F$17*'Consumo e spesa'!F121)+('Consumo e spesa'!$O$23*('Ripart. u.i.'!O43/1000)) -> 78.254497 | K42: =I42+J42 -> 694.32258
A43: URBANI TERESIO | B43: 7 | C43: 22.52 | D43: 25.26 | E43: ='Consumo e spesa'!F123 -> 1880.7861 | F43: ='Consumo e spesa'!F124 -> 460.152 | G43: 5658 | H43: 12 | I43: =('Spese e costi unitari'!$F$16*'Consumo e spesa'!F123)+('Consumo e spesa'!$O$21*('Ripart. u.i.'!N44/1000)) -> 621.26639 | J43: =('Spese e costi unitari'!$F$17*'Consumo e spesa'!F124)+('Consumo e spesa'!$O$23*('Ripart. u.i.'!O44/1000)) -> 85.905421 | K43: =I43+J43 -> 707.17181
A44: verri | B44: 7 | C44: 18.57 | D44: 25.72 | E44: ='Consumo e spesa'!F126 -> 1319.6749 | F44: ='Consumo e spesa'!F127 -> 460.152 | G44: 3970 | H44: 12 | I44: =('Spese e costi unitari'!$F$16*'Consumo e spesa'!F126)+('Consumo e spesa'!$O$21*('Ripart. u.i.'!N45/1000)) -> 484.52902 | J44: =('Spese e costi unitari'!$F$17*'Consumo e spesa'!F127)+('Consumo e spesa'!$O$23*('Ripart. u.i.'!O45/1000)) -> 86.988781 | K44: =I44+J44 -> 571.5178
A45: WANG JUNYI | B45: 7 | C45: 19.94 | D45: 25.28 | E45: ='Consumo e spesa'!F129 -> 3978.6371 | F45: ='Consumo e spesa'!F130 -> 3451.14 | G45: 11969 | H45: 90 | I45: =('Spese e costi unitari'!$F$16*'Consumo e spesa'!F129)+('Consumo e spesa'!$O$21*('Ripart. u.i.'!N46/1000)) -> 827.89827 | J45: =('Spese e costi unitari'!$F$17*'Consumo e spesa'!F130)+('Consumo e spesa'!$O$23*('Ripart. u.i.'!O46/1000)) -> 257.64881 | K45: =I45+J45 -> 1085.5471
A46: ZABORRA - inq. psiuk | B46: 6 | C46: 19.75 | D46: 21.56 | E46: ='Consumo e spesa'!F132 -> 6468.0693 | F46: ='Consumo e spesa'!F133 -> 2645.874 | G46: 19458 | H46: 69 | I46: =('Spese e costi unitari'!$F$16*'Consumo e spesa'!F132)+('Consumo e spesa'!$O$21*('Ripart. u.i.'!N47/1000)) -> 1123.5184 | J46: =('Spese e costi unitari'!$F$17*'Consumo e spesa'!F133)+('Consumo e spesa'!$O$23*('Ripart. u.i.'!O47/1000)) -> 202.6618 | K46: =I46+J46 -> 1326.1802
A47: ZOCCALI FABIO | B47: 7 | C47: 19.27 | D47: 25.84 | E47: ='Consumo e spesa'!F135 -> 3853.6503 | F47: ='Consumo e spesa'!F136 -> 1073.688 | G47: 11593 | H47: 28 | I47: =('Spese e costi unitari'!$F$16*'Consumo e spesa'!F135)+('Consumo e spesa'!$O$21*('Ripart. u.i.'!N48/1000)) -> 801.12483 | J47: =('Spese e costi unitari'!$F$17*'Consumo e spesa'!F136)+('Consumo e spesa'!$O$23*('Ripart. u.i.'!O48/1000)) -> 122.49115 | K47: =I47+J47 -> 923.61598
A49: TOTALE | B49: =SUM(B3:B48) -> 282 | C49: 1000 | D49: 1000 | E49: =SUM(E3:E48) -> 121443.34 | F49: =SUM(F3:F48) -> 63347.592 | G49: =SUM(G3:G48) -> 365340 | H49: =SUM(H3:H48) -> 1652 | I49: =SUM(I3:I48) -> 32141.632 | J49: =SUM(J3:J48) -> 5990.6282 | K49: =SUM(K3:K48) -> 38132.261
